customerID,split
6918-UMQCG,train
4140-MUHUG,train
5570-PTWEH,train
2054-PJOCK,train
4315-MURBD,train
8747-UDCOI,train
2023-VQFDL,train
3629-WEAAM,train
5124-EOGYE,train
7996-MHXLW,train
5996-DAOQL,train
8022-BECSI,train
7695-PKLCZ,train
4456-RHSNB,train
1465-WCZVT,train
9225-BZLNZ,train
0674-EYYZV,train
8562-GHPPI,train
3786-WOVKF,train
8663-UPDGF,train
8364-TRMMK,train
5117-ZSMHQ,train
2027-OAQQC,train
3721-CNZHX,train
6510-UPNKS,train
2947-DOMLJ,train
9912-OMZDS,train
3407-JMJQQ,train
1996-DBMUS,train
9601-BRXPO,train
0795-XCCTE,train
1555-DJEQW,train
6870-ECSHE,train
6762-NSODU,train
6620-HVDUJ,train
6583-QGCSI,train
8327-LZKAS,train
2091-GPPIQ,train
1262-OPMFY,train
3969-JQABI,train
6614-VBEGU,train
7432-FFVAR,train
4075-WKNIU,train
7074-IEVOJ,train
8573-CGOCC,train
8008-ESFLK,train
9058-HRZSV,train
5970-GHJAW,train
2474-LCNUE,train
1230-QAJDW,train
2676-OXPPQ,train
7672-VFMXZ,train
6233-HXJMX,train
2996-XAUVF,train
0746-JTRFU,train
4803-AXVYP,train
3453-RTHJQ,train
9553-DLCLU,train
7228-OMTPN,train
5327-CNLUQ,train
5651-CRHKQ,train
7940-UQQUG,train
3486-HOOGQ,train
1866-OBPNR,train
9948-YPTDG,train
7548-SEPYI,train
3428-MMGUB,train
0869-PAPRP,train
0897-FEGMU,train
2324-EFHVG,train
8029-XYPWT,train
5996-EBTKM,train
1907-UBQFC,train
3001-UNBTL,train
3745-HRPHI,train
1810-MVMAI,train
3688-FTHLT,train
2453-SAFNS,train
2277-BKJKN,train
0133-BMFZO,train
7442-YGZFK,train
8982-NHAVY,train
3799-ISUZQ,train
9617-UDPEU,train
1821-BUCWY,train
4795-UXVCJ,train
1750-CSKKM,train
7293-LSCDV,train
1790-NESIO,train
4836-WNFNO,train
2357-COQEK,train
7452-FOLON,train
0953-LGOVU,train
1760-CAZHT,train
2430-USGXP,train
0420-BWTPW,train
5998-DZLYR,train
9350-ZXYJC,train
4094-NSEDU,train
1393-IMKZG,train
7993-NQLJE,train
3082-WQRVY,train
8540-ZQGEA,train
0375-HVGXO,train
3585-YNADK,train
7234-FECYN,train
4186-ZBUEW,train
1336-EZFZY,train
0780-XNZFN,train
2458-EOMRE,train
1723-HKXJQ,train
9530-EHPOH,train
3549-ZTMNH,train
2495-KZNFB,train
0621-TWIEM,train
5947-SGKCL,train
2845-AFFTX,train
7758-UJWYS,train
6725-TPKJO,train
9881-VCZEP,train
9889-TMAHG,train
1640-PLFMP,train
6161-ERDGD,train
8799-OXZMD,train
4415-WNGVR,train
9362-MWODR,train
7964-YESJC,train
5133-VRSAB,train
7860-UXCRM,train
9499-XPZXM,train
5093-FEGLU,train
4546-FOKWR,train
4933-BSAIP,train
2680-XKKNJ,train
8922-LIEGH,train
7682-AZNDK,train
7470-DYNOE,train
0699-NDKJM,train
3374-PZLXD,train
1599-MMYRQ,train
1552-TKMXS,train
3904-UKFRE,train
5089-IFSDP,train
9067-YGSCA,train
2858-MOFSQ,train
0214-JHPFW,train
8710-YGLWG,train
6686-YPGHK,train
7722-VJRQD,train
6114-TCFID,train
9129-UXERG,train
2712-SYWAY,train
4083-BFNYK,train
5035-PGZXH,train
1213-NGCUN,train
3566-HJGPK,train
4548-SDBKE,train
1623-NLDOT,train
7472-EQOAV,train
3657-COGMW,train
3174-RKMOW,train
5908-QMGOE,train
0980-PVMRC,train
1775-KWJKQ,train
8182-BJDSI,train
6476-EPYZR,train
2585-KTFRE,train
3370-GQEAL,train
2300-RQGOI,train
5429-LWCMV,train
4250-WAROZ,train
7718-RXDGG,train
0412-UCCNP,train
0266-CLZKZ,train
9677-AVKED,train
0623-IIHUG,train
0221-NAUXK,train
1941-HOSAM,train
7182-OVLBJ,train
6140-QNRQQ,train
8398-TBIYD,train
3703-KBKZP,train
0168-XZKBB,train
8564-LDKFL,train
8387-UGUSU,train
6595-YGXIT,train
2507-QZPQS,train
0374-FIUCA,train
5590-ZSKRV,train
6689-TCZHQ,train
0277-ORXQS,train
7449-HVPIV,train
0442-ZXKVS,train
0016-QLJIS,train
6366-ZGQGL,train
6345-HOVES,train
6502-MJQAE,train
3855-ONCAR,train
5995-LFTLE,train
3683-QKIUE,train
5419-JPRRN,train
6980-CDGFC,train
1689-YQBYY,train
5555-RNPGT,train
0089-IIQKO,train
1852-QSWCD,train
2916-BQZLN,train
8259-NFJTV,train
4443-EMBNA,train
6959-UWKHF,train
2080-SRCDE,train
7752-XUSCI,train
7521-AFHAB,train
2580-ASVVY,train
2111-DWYHN,train
9633-XQABV,train
5216-WASFJ,train
9714-EDSUC,train
7175-NTIXE,train
3703-TTEPD,train
8952-WCVCD,train
5924-IFQTT,train
5993-JSUWV,train
9282-IZGQK,train
3671-SHRSP,train
4423-YLHDV,train
1177-XZBJL,train
4537-DKTAL,train
2724-FJDYW,train
7853-OETYL,train
7852-LECYP,train
5916-QEWPT,train
7196-LIWRH,train
2320-SLKMB,train
5811-IWXYM,train
9891-NQDBD,train
1027-LKKQQ,train
3898-GUYTS,train
4487-ZYJZK,train
9470-RTWDV,train
0956-ACVZC,train
6048-UWKAL,train
1877-HKBQX,train
0219-QAERP,train
9318-NKNFC,train
9249-FXSCK,train
1918-ZBFQJ,train
5321-NTRKC,train
2265-CYWIV,train
6668-CNMFP,train
3352-RICWQ,train
6648-INWPS,train
5057-LCOUI,train
5519-NPHVG,train
1302-TPUBN,train
0201-OAMXR,train
5060-TQUQN,train
8203-XJZRC,train
8152-VETUR,train
3746-EUBYR,train
0696-UKTOX,train
6661-EIPZC,train
9738-QLWTP,train
3976-HXHCE,train
6897-UUBNU,train
6131-IUNXN,train
8706-HRADD,train
5439-WIKXB,train
2455-USLMV,train
3669-OYSJI,train
8980-WQFWL,train
7564-GHCVB,train
9702-AIUJO,train
9076-AXYIK,train
1090-PYKCI,train
0550-DCXLH,train
3911-RSNHI,train
5148-HKFIR,train
9498-FIMXL,train
1488-PBLJN,train
8990-YOZLV,train
5797-APWZC,train
1730-ZMAME,train
3295-YVUSR,train
1396-QWFBJ,train
9821-POOTN,train
4355-HBJHH,train
5998-VVEJY,train
2037-XJFUP,train
5686-CMAWK,train
2817-LVCPP,train
3144-KMTWZ,train
9921-QFQUL,train
8232-UTFOZ,train
4092-OFQZS,train
3160-TYXLT,train
5985-BEHZK,train
9769-TSBZE,train
1159-WFSGR,train
5144-PQCDZ,train
7587-AOVVU,train
7856-GANIL,train
1057-FOGLZ,train
9766-HGEDE,train
3470-BTGQO,train
6982-SSHFK,train
0786-IVLAW,train
2097-YVPKN,train
2640-PMGFL,train
7610-TVOPG,train
0114-RSRRW,train
3387-PLKUI,train
7109-CQYUZ,train
3737-GCSPV,train
9500-IWPXQ,train
3643-AHCFP,train
8270-RKSAP,train
5639-NTUPK,train
5293-WXJAK,train
4289-DTDKW,train
6457-USBER,train
7153-OANIO,train
3842-IYKUE,train
9356-AXGMP,train
1663-MHLHE,train
0556-FJEGU,train
5701-YVSVF,train
7524-VRLPL,train
6500-JVEGC,train
4176-FXYBO,train
5795-BKOYE,train
0975-UYDTX,train
0626-QXNGV,train
7668-XCFYV,train
2761-XECQW,train
6551-GNYDG,train
2801-NISEI,train
8773-HHUOZ,train
3439-GVUSX,train
9239-GZHZE,train
6617-WLBQC,train
4565-NLZBV,train
6563-VNPMN,train
1841-YSJGV,train
8627-ZYGSZ,train
8802-UNOJF,train
9600-UDOPK,train
1060-ENTOF,train
9667-TKTVZ,train
8869-LIHMK,train
7998-ZLXWN,train
9053-EJUNL,train
5815-HGGHV,train
4826-XTSOH,train
6108-OQZDQ,train
5906-BFOZT,train
7921-BEPCI,train
5599-HVLTW,train
3266-FTKHB,train
5222-IMUKT,train
8331-ZXFOE,train
5668-MEISB,train
1114-CENIM,train
1834-ABKHQ,train
6344-SFJVH,train
8017-UVSZU,train
6133-OZILE,train
2829-HYVZP,train
0369-ZGOVK,train
1965-AKTSX,train
4081-DYXAV,train
0107-YHINA,train
0215-BQKGS,train
7831-QGOXH,train
2045-BMBTJ,train
4597-ELFTS,train
1403-LKLIK,train
6726-WEXXK,train
4827-USJHP,train
7802-EFKNY,train
1430-SFQSA,train
4001-TSBTV,train
0708-SJDIS,train
4505-EXZHB,train
9386-LDCZR,train
3352-ALMCK,train
8261-GWDBQ,train
5276-KQWHG,train
6749-UTDVX,train
5445-GLVOT,train
3061-BCKYI,train
4855-SNKMY,train
7625-XCQRH,train
6806-YDEUL,train
2640-LYMOV,train
5928-QLDHB,train
3196-NVXLZ,train
9938-PRCVK,train
4815-TUMEQ,train
9746-MDMBK,train
9391-YZEJW,train
3070-DVEYC,train
0083-PIVIK,train
4307-KTUMW,train
1215-EXRMO,train
6745-JEFZB,train
6586-MYGKD,train
1746-TGTWV,train
8286-AFUYI,train
1328-EUZHC,train
4853-RULSV,train
1897-RCFUM,train
3086-RUCRN,train
0415-MOSGF,train
1231-YNDEK,train
1763-KUAAW,train
9873-MNDKV,train
8835-VSDSE,train
6275-YDUVO,train
3038-PQIUY,train
9861-PDSZP,train
7688-AWMDX,train
8999-XXGNS,train
0618-XWMSS,train
2452-SNHFZ,train
4897-QSUYC,train
3174-AKMAS,train
4992-LTJNE,train
6894-LFHLY,train
7075-BNDVQ,train
4801-KFYKL,train
2256-YLYLP,train
7594-RQHXR,train
8679-LZBMD,train
0244-LGNFY,train
5680-LQOGP,train
4825-XJGDM,train
1635-NZATJ,train
3934-HXCFZ,train
4959-JOSRX,train
3635-QQRQD,train
3620-MWJNE,train
7317-GGVPB,train
0743-HNPFG,train
3503-TYDAY,train
7446-SFAOA,train
8847-GEOOQ,train
3753-TSEMP,train
9351-LZYGF,train
3520-FJGCV,train
2959-EEXWB,train
6128-CZOMY,train
7927-AUXBZ,train
0931-MHTEM,train
1591-MQJTP,train
6956-SMUCM,train
9691-HKOVS,train
9885-CSMWE,train
1208-NBVFH,train
0835-DUUIQ,train
9391-EOYLI,train
7718-UPSKJ,train
1935-IMVBB,train
6770-UAYGJ,train
8316-BBQAY,train
0458-HEUZG,train
0519-XUZJU,train
4132-POCZS,train
6356-ELRKD,train
8849-PRIQJ,train
7601-DHFWZ,train
5012-YSPJJ,train
2978-XXSOG,train
4588-YBNIB,train
9095-HFAFX,train
4929-XIHVW,train
1101-SSWAG,train
8999-YPYBV,train
1832-PEUTS,train
6537-QLGEX,train
4710-NKCAW,train
7746-QYVCO,train
6484-LATFU,train
5546-QUERU,train
3261-CQXOL,train
3351-NQLDI,train
5533-NHFRF,train
0212-ISBBF,train
5447-WZAFP,train
6908-VVYHM,train
9099-FTUHS,train
2172-EJXVF,train
6652-YFFJO,train
8917-SZTTJ,train
6339-RZCBJ,train
0899-WZRSD,train
8837-VVWLQ,train
4716-HHKQH,train
1488-SYSFC,train
7096-ZNBZI,train
1596-BBVTG,train
1228-ZLNBX,train
2346-CZYIL,train
7605-BDWDC,train
7579-KKLOE,train
8963-JLGJT,train
6641-XRPSU,train
3841-NFECX,train
6532-YLWSI,train
5047-LHVLY,train
2777-PHDEI,train
7872-BAAZR,train
8466-PZBLH,train
4950-BDEUX,train
4077-CROMM,train
1569-TTNYJ,train
3230-WYKIR,train
5884-GCYMI,train
8051-HJRLT,train
3280-MRDOF,train
0363-SVHYR,train
5598-IKHQQ,train
9661-ACXBS,train
4393-RYCRE,train
0318-ZOPWS,train
1134-YWTYF,train
0264-CNITK,train
6323-AYBRX,train
3859-CVCET,train
7207-RMRDB,train
7162-WPHPM,train
8402-EIVQS,train
3537-HPKQT,train
5002-GCQFH,train
5982-FPVQN,train
1091-SOZGA,train
3050-RLLXC,train
8903-WMRNW,train
7153-CHRBV,train
3472-QPRCH,train
3927-NLNRY,train
6778-EICRF,train
3057-VJJQE,train
5377-NDTOU,train
1898-JSNDC,train
4458-KVRBJ,train
8937-RDTHP,train
6408-WHTEF,train
6086-ESGRL,train
7143-BQIBA,train
4231-LZUYM,train
9448-REEVD,train
1207-BLKSA,train
1429-UYJSV,train
3612-YVGSJ,train
0880-FVFWF,train
4806-DXQCE,train
8439-LTUGF,train
7365-BVCJH,train
2433-KMEAS,train
1073-XXCZD,train
2568-OIADY,train
9206-GVPEQ,train
3946-MHCZW,train
2718-GAXQD,train
7398-SKNQZ,train
7296-PIXQY,train
5485-WUYWF,train
3466-BYAVD,train
7841-FCRQD,train
6202-DYYFX,train
3489-HHPFY,train
2683-BPJSO,train
2937-FTHUR,train
2645-QTLMB,train
2654-VBVPB,train
0479-HMSWA,train
5478-JJVZK,train
3551-GAEGL,train
1813-JYWTO,train
0311-QYWSS,train
8871-JLMHM,train
5442-XSDCW,train
2192-CKRLV,train
6024-RUGGH,train
4910-AQFFX,train
1304-SEGFY,train
1545-ACTAS,train
5371-VYLSX,train
2612-RANWT,train
7228-PAQPD,train
3458-IDMFK,train
8603-IJWDN,train
0541-FITGH,train
7208-PSIHR,train
1320-GVNHT,train
3823-KYNQY,train
5977-CKHON,train
4713-ZBURT,train
7851-WZEKY,train
2792-VPPET,train
3703-VAVCL,train
6152-ONASV,train
3074-GQWYX,train
4316-XCSLJ,train
0536-ESJEP,train
0970-QXPXW,train
2530-ENDWQ,train
6616-AALSR,train
2911-UREFD,train
2235-ZGKPT,train
3500-RMZLT,train
5370-IIVVL,train
7663-YJHSN,train
3213-VVOLG,train
2657-ALMWY,train
1402-PTHGN,train
7562-UXTPG,train
5712-VBOXD,train
3308-MHOOC,train
8552-OBVRU,train
5935-FCCNB,train
7609-YBPXG,train
5762-TJXGK,train
9469-WEJBT,train
0345-XMMUG,train
2347-WKKAE,train
9066-QRSDU,train
5383-MMTWC,train
6408-OTUBZ,train
6390-DSAZX,train
5602-BVFMK,train
9281-CEDRU,train
0484-JPBRU,train
1183-CANVH,train
4547-KQRTM,train
1061-PNTHC,train
8039-EQPIM,train
5939-SXWHM,train
1513-XNPPH,train
5099-BAILX,train
3097-NNSPB,train
8800-ZKRFW,train
2135-DQWAQ,train
4070-OKWVH,train
7277-KAMWT,train
9025-AOMKI,train
4806-HIPDW,train
9828-QHFBK,train
8652-YHIYU,train
7973-DZRKH,train
9061-TIHDA,train
2903-YYTBW,train
4459-BBGHE,train
7148-XZPHA,train
1991-VOPLL,train
4393-GEADV,train
6040-CGACY,train
2898-MRKPI,train
4661-NJEUX,train
7480-SPLEF,train
9825-YCXWZ,train
8092-NLTGF,train
7670-ZBPOQ,train
2560-QTSBS,train
0396-UKGAI,train
0804-XBFBV,train
8257-RZAHR,train
0230-WEQUW,train
1452-UZOSF,train
2038-OEQZH,train
4719-UMSIY,train
8434-PNQZX,train
0247-SLUJI,train
2533-TIBIX,train
9933-QRGTX,train
0404-AHASP,train
7083-YNSKY,train
8785-EPNCG,train
1866-NXPSP,train
8058-JMEQO,train
0549-CYCQN,train
2049-BAFNW,train
1986-PHGZF,train
8413-YNHNV,train
9495-REDIY,train
2157-MXBJS,train
5939-XAIXZ,train
5044-XDPYX,train
7663-ZTEGJ,train
5172-MIGPM,train
0148-DCDOS,train
6988-CJEYV,train
5681-LLOEI,train
2235-DWLJU,train
1853-ARAAQ,train
2811-POVEX,train
3115-JPJDD,train
2454-RPBRZ,train
3590-TCXTB,train
7623-HKYRK,train
3955-JBZZM,train
8945-GRKHX,train
7776-QGYJC,train
9481-IEBZY,train
0856-NAOES,train
5028-GZLDO,train
4635-EJYPD,train
0303-UNCIP,train
7743-EXURX,train
5656-MJEFC,train
5074-FBGHB,train
1074-WVEVG,train
0723-FDLAY,train
9786-IJYDL,train
9985-MWVIX,train
0495-ZBNGW,train
5148-ORICT,train
7041-TXQJH,train
0872-NXJYS,train
2207-QPJED,train
1561-BWHIN,train
1223-UNPKS,train
3665-JATSN,train
9172-ANCRX,train
7080-TNUWP,train
0859-YGKFW,train
1088-CNNKB,train
1875-QIVME,train
4282-YMKNA,train
4450-DLLMH,train
8168-UQWWF,train
8735-IJJEG,train
7903-CMPEY,train
5456-ITGIC,train
3696-XRIEN,train
7611-YKYTC,train
3452-ABWRL,train
9408-SSNVZ,train
8851-RAGOV,train
2364-UFROM,train
2568-BRGYX,train
5129-HHMZC,train
0208-BPQEJ,train
5846-NEQVZ,train
8748-HFWBO,train
2239-CGBUZ,train
4737-AQCPU,train
2896-TBNBE,train
9782-LGXMC,train
0909-SDHNU,train
5693-PIPCS,train
6035-RIIOM,train
1577-HKTFG,train
6142-VSJQO,train
5849-ASHZJ,train
2379-GYFLQ,train
5945-AZYHT,train
3259-KNMRR,train
9360-AHGNL,train
5940-AHUHD,train
5542-DHSXL,train
1307-ATKGB,train
8535-SFUTN,train
9529-OFXHY,train
9237-HQITU,train
6341-JVQGF,train
2995-YWTCD,train
1761-AEZZR,train
1814-WFGVS,train
4163-KIUHY,train
9441-QHEVC,train
5976-JCJRH,train
3327-YBAKM,train
2400-XIWIO,train
2065-MMKGR,train
2472-OVKUP,train
3522-CDKHF,train
5448-VWNAM,train
8007-YYPWD,train
8064-RAVOH,train
6032-IGALN,train
1215-FIGMP,train
1353-LJWEM,train
7267-FRMJW,train
6865-JZNKO,train
6357-JJPQT,train
4032-RMHCI,train
7407-SUJIZ,train
8654-DHAOW,train
0257-ZESQC,train
9402-ORRAH,train
2143-LJULT,train
2519-ERQOJ,train
0032-PGELS,train
4433-JCGCG,train
4826-DXMUP,train
7241-AJHFS,train
8992-JQYUN,train
0407-BDJKB,train
2550-QHZGP,train
0871-OPBXW,train
5260-UMPWX,train
5855-EIBDE,train
4745-LSPLO,train
1548-FEHVL,train
4851-BQDNX,train
2988-GBIVW,train
8610-ZIKJJ,train
2688-BHGOG,train
8262-COGGB,train
3148-AOIQT,train
8627-EHGIP,train
0916-KNFAJ,train
2984-MIIZL,train
5712-PTIWW,train
5875-YPQFJ,train
1075-BGWOH,train
5640-CAXOA,train
3132-TVFDZ,train
0354-VXMJC,train
9837-BMCLM,train
2362-IBOOY,train
7055-JCGNI,train
3765-JXVKY,train
8404-GFGCZ,train
5010-IPEAQ,train
6424-ELEYH,train
6563-VRERX,train
3451-VAWLI,train
8285-ABVLB,train
7594-LZNWR,train
6986-IJDHX,train
8548-AWOFC,train
1069-QJOEE,train
5590-BYNII,train
2586-CWXVV,train
4568-KNYWR,train
3092-IGHWF,train
8731-WBBMB,train
1024-VRZHF,train
0103-CSITQ,train
5372-FBKBN,train
3779-OSWCF,train
3398-ZOUAA,train
6379-RXJRQ,train
9802-CAQUT,train
9584-EXCDZ,train
3898-BSJYF,train
5134-IKDAY,train
4720-VSTSI,train
1309-XGFSN,train
6839-ITVZJ,train
4128-ETESU,train
1343-EHPYB,train
2276-YDAVZ,train
0536-BGFMZ,train
2180-DXNEG,train
2662-NNTDK,train
3589-PPVKW,train
7786-WBJYI,train
0207-MDKNV,train
9018-PCIOK,train
9391-TTOYH,train
2189-WWOEW,train
5499-ECUTN,train
2560-PPCHE,train
9091-WTUUY,train
2682-KEVRP,train
2027-WKXMW,train
5692-ICXLW,train
3841-CONLJ,train
3642-GKTCT,train
9863-JZAIC,train
8450-UYIBU,train
3055-MJDSB,train
5204-QZXPU,train
7203-OYKCT,train
0864-FVJNJ,train
8610-WFCJF,train
0799-DDIHE,train
1154-HYWWO,train
4124-MMETB,train
0380-NEAVX,train
9488-FVZCC,train
8749-TZYEC,train
1508-DFXCU,train
6288-LBEAR,train
9058-MJLZC,train
8929-KSWIH,train
3007-FDPEA,train
5229-PRWKT,train
0847-HGRML,train
5389-FFVKB,train
7343-EOBEU,train
2587-YNLES,train
1937-OTUKY,train
5256-SKJGO,train
5248-YGIJN,train
4091-TVOCN,train
5919-TMRGD,train
0440-MOGPM,train
6952-OMNWB,train
4908-XAXAY,train
5312-UXESG,train
4138-NAXED,train
8111-BKVDS,train
2516-VQRRV,train
4526-RMTLL,train
6990-YNRIO,train
0851-DFJKB,train
5862-BRIXZ,train
9418-RUKPH,train
8199-ZLLSA,train
8012-SOUDQ,train
6818-WOBHJ,train
9501-UKKNL,train
0206-TBWLC,train
8118-TJAFG,train
3804-RVTGV,train
3039-MJSLN,train
0691-IFBQW,train
4872-VXRIL,train
9168-INPSZ,train
6173-ITPWD,train
1552-AAGRX,train
3689-MOZGR,train
8854-CCVSQ,train
0971-QIFJK,train
9840-EFJQB,train
0836-SEYLU,train
6439-PKTRR,train
1794-SWWKL,train
5056-FIMPT,train
8405-IGQFX,train
7129-CAKJW,train
5999-LCXAO,train
9621-OUPYD,train
7881-INRLC,train
1932-UEDCX,train
9695-IDRZR,train
4312-GVYNH,train
5777-KJIRB,train
0795-LAFGP,train
0619-OLYUR,train
1987-AUELQ,train
7294-TMAOP,train
8410-BGQXN,train
9800-OUIGR,train
4484-CGXFK,train
1335-HQMKX,train
4534-WGCIR,train
8659-HDIYE,train
5299-SJCZT,train
9602-WCXPI,train
0975-VOOVL,train
3647-GMGDH,train
7767-UXAGJ,train
6663-JOCQO,train
6738-ISCBM,train
3716-LRGXK,train
6743-HHQPF,train
3194-ORPIK,train
6719-OXYBR,train
3272-VUHPV,train
2446-BEGGB,train
9848-JQJTX,train
6859-QNXIQ,train
4324-AHJKS,train
7242-QZLXF,train
0815-MFZGM,train
3146-MSEGF,train
8374-UULRV,train
4936-YPJNK,train
1618-CFHME,train
6394-HHHZM,train
3583-EKAPL,train
7596-ZYWBB,train
9332-GYWLO,train
7312-XSBAT,train
6172-FECYY,train
7493-GVFIO,train
8229-BUJHX,train
1004-NOZNR,train
4957-TIALW,train
2931-VUVJN,train
0594-UFTUL,train
1725-IQNIY,train
9505-SQFSW,train
6987-XQSJT,train
0774-RMNUW,train
4826-TZEVA,train
5960-MVTUK,train
5394-MEITZ,train
2506-CLAKW,train
2739-CCZMB,train
3143-ILDAL,train
4822-RVYBB,train
4832-VRBMR,train
5968-HYJRZ,train
6847-KJLTS,train
4835-YSJMR,train
2675-IJRGJ,train
8883-ANODQ,train
5149-CUZUJ,train
5522-NYKPB,train
8107-RZLNV,train
5649-TJHOV,train
9060-HJJRW,train
8042-JVNFH,train
2990-OGYTD,train
6479-SZPLM,train
0930-EHUZA,train
9560-BBZXK,train
7245-JMTTQ,train
8128-YVJRG,train
8327-WKMIE,train
9978-HYCIN,train
4567-AKPIA,train
5671-UUNXD,train
2800-VEQXM,train
0565-IYCGT,train
8896-BQTTI,train
8591-NXRCV,train
1597-FZREH,train
2114-MGINA,train
8221-HVAYI,train
3016-KSVCP,train
3845-JHAMY,train
4369-HTUIF,train
9026-LHEVG,train
0459-SPZHJ,train
8404-VLQFB,train
2330-PQGDQ,train
9443-JUBUO,train
8318-LCNBW,train
0434-CSFON,train
8441-SHIPE,train
3704-IEAXF,train
2193-SFWQW,train
1985-MBRYP,train
0112-QWPNC,train
5726-CVNYA,train
5014-GSOUQ,train
6215-NQCPY,train
0306-JAELE,train
4116-IQRFR,train
6625-IUTTT,train
2181-UAESM,train
0702-PGIBZ,train
3161-GETRM,train
1202-KKGFU,train
2833-SLKDQ,train
9027-TMATR,train
8124-NZVGJ,train
2809-ILCYT,train
4626-GYCZP,train
5136-KCKGI,train
8120-JDCAM,train
1950-KSVVJ,train
2058-DCJBE,train
1485-YDHMM,train
2073-QBVBI,train
6198-RTPMF,train
8844-TONUD,train
1813-JLKWR,train
9606-PBKBQ,train
8314-DPQHL,train
2718-YSKCS,train
6651-RLGGM,train
3889-VWBID,train
2703-AMTUL,train
7622-FWGEW,train
7638-QVMVY,train
2451-YMUXS,train
6371-NZYEG,train
6305-YLBMM,train
1431-CYWMH,train
2523-EWWZL,train
4291-HYEBC,train
3920-HIHMQ,train
8807-OPMBM,train
0277-BKSQP,train
6094-ZIVKX,train
5504-WSIUR,train
2720-WGKHP,train
0117-LFRMW,train
3571-RFHAR,train
9361-YNQWJ,train
3580-REOAC,train
2840-XANRC,train
7206-GZCDC,train
6029-WTIPC,train
7801-KICAO,train
3726-TBHQT,train
7271-AJDTL,train
7216-EWTRS,train
0960-HUWBM,train
0784-GTUUK,train
0880-TKATG,train
9153-BTBVV,train
3696-DFHHB,train
5307-UVGNB,train
7269-JISCY,train
5789-LDFXO,train
5651-CPDND,train
4822-LPTYJ,train
2898-LSJGD,train
7134-HBPBS,train
2931-SVLTV,train
2732-ISEZX,train
7617-EYGLW,train
4188-FRABG,train
2983-ZANRP,train
9546-CQJSU,train
4581-SSPWD,train
2074-GKOWZ,train
6968-GMKPR,train
1768-HNVGJ,train
1576-PFZIW,train
0515-YPMCW,train
7598-UAASY,train
1439-LCGVL,train
7136-RVDTZ,train
0956-SYCWG,train
1170-SASML,train
1846-XWOQN,train
6933-VLYFX,train
2359-KMGLI,train
1282-IHQAC,train
1299-AURJA,train
0136-IFMYD,train
5119-NZPTV,train
8595-SIZNC,train
1904-WAJAA,train
0842-IWYCP,train
2595-KIWPV,train
3219-JQRSL,train
0887-HJGAR,train
0139-IVFJG,train
1342-JPNKI,train
3727-OVPRY,train
2592-YKDIF,train
5685-IIXLY,train
0141-YEAYS,train
5288-AHOUP,train
8065-BVEPF,train
9705-IOVQQ,train
9715-SBVSU,train
1194-BHJYC,train
8049-WJCLQ,train
4611-ANLQC,train
4118-CEVPF,train
3045-XETSH,train
2826-UWHIS,train
7028-DVOIQ,train
3208-YPIOE,train
9693-XMUOB,train
8887-IPQNC,train
5527-ACHSO,train
9236-NDUCW,train
0314-TKOSI,train
8946-BFWSG,train
0680-DFNNY,train
5931-FLJJF,train
2985-JUUBZ,train
6723-CEGQI,train
9150-HEPMB,train
7479-NITWS,train
0186-CAERR,train
7064-FRRSW,train
3518-PZXZQ,train
3317-HRTNN,train
0667-NSRGI,train
8085-MSNLK,train
6227-FBDXH,train
1480-IVEVR,train
8996-ZROXE,train
3373-YZZYM,train
5158-RIVOP,train
6786-OBWQR,train
9272-LSVYH,train
7501-IWUNG,train
5510-BOIUJ,train
5561-NWEVX,train
7554-AKDQF,train
7435-ZNUYY,train
0376-OIWME,train
8990-ZXLSU,train
8677-HDZEE,train
7696-CFTAT,train
4881-GQJTW,train
4425-OWHWB,train
3654-ARMGP,train
9924-JPRMC,train
6941-KXRRV,train
1169-SAOCL,train
0196-VULGZ,train
4998-IKFSE,train
9964-WBQDJ,train
1625-JAIIY,train
9055-MOJJJ,train
9146-JRIOX,train
4471-KXAUH,train
3891-NLXJB,train
5734-EJKXG,train
5630-IXDXV,train
4143-HHPMK,train
9705-ZJBCG,train
1131-QQZEB,train
3810-PJUHR,train
3096-GKWEB,train
2085-JVGAD,train
0607-DAAHE,train
7346-MEDWM,train
7823-JSOAG,train
2284-VFLKH,train
9102-OXKFY,train
2520-SGTTA,train
2580-ATZSQ,train
4484-GLZOU,train
7133-VBDCG,train
5318-IXUZF,train
6522-OIQSX,train
5897-ZYEKH,train
4608-LCIMN,train
3769-MHZNV,train
8194-PEEBY,train
3988-RQIXO,train
0020-INWCK,train
7660-HDPJV,train
6849-OYAMU,train
8146-QQKZH,train
8309-IEYJD,train
4210-QFJMF,train
0854-UYHZD,train
3508-CFVZL,train
1951-IEYXM,train
6584-VQMYT,train
3808-HFKDE,train
0885-HMGPY,train
2603-HVKCG,train
4115-BNPJY,train
7359-PTSXY,train
4065-JJAVA,train
4482-EWFMI,train
3373-DIUUN,train
1534-OULXE,train
9710-NJERN,train
5304-EFJLP,train
9921-ZVRHG,train
9821-BESNZ,train
9846-GKXAS,train
8383-SGHJU,train
8974-OVACP,train
6496-SLWHQ,train
0269-XFESX,train
4988-IQIGL,train
7710-JSYOA,train
5130-IEKQT,train
7225-IILWY,train
0807-ZABDG,train
5465-BUBFA,train
9074-KGVOX,train
5016-LIPDW,train
4786-UKSNZ,train
6892-BOGQE,train
4195-SMMNX,train
9647-ERGBE,train
4320-QMLLA,train
3956-MGXOG,train
9435-JMLSX,train
0187-QSXOE,train
3170-NMYVV,train
6036-TTFYU,train
6199-IPCAO,train
6110-OHIHY,train
7563-BIUPC,train
1293-HHSHJ,train
0872-JCPIB,train
0641-EVBOJ,train
0428-AXXLJ,train
2344-JMOGN,train
4671-VJLCL,train
9503-XJUME,train
4750-UKWJK,train
4201-JMNGR,train
8822-KNBHV,train
4718-DHSMV,train
8468-EHYJA,train
6614-YWYSC,train
8910-LEDAG,train
9220-CXRSC,train
8070-AAWZP,train
9470-YFUYI,train
8904-OPDCK,train
7869-ZYDST,train
4350-ZTLPI,train
2123-VSCOT,train
4827-DPADN,train
3058-WQDRE,train
0082-LDZUE,train
0248-IPDFW,train
1357-MVDOZ,train
1565-RHDJD,train
0691-JVSYA,train
4785-NKHCX,train
0464-WJTKO,train
3446-QDSZF,train
8561-NMTBD,train
3961-SXAXY,train
2481-SBOYW,train
4018-KJYUY,train
4929-BSTRX,train
8630-QSGXK,train
7876-AEHIG,train
5143-EGQFK,train
7244-KXYZN,train
1324-NLTJE,train
6333-YDVLT,train
0829-DDVLK,train
7014-ZZXAW,train
0620-DLSLK,train
7825-ECJRF,train
7508-SMHXL,train
4800-VHZKI,train
8665-UTDHZ,train
1708-PBBOA,train
9764-REAFF,train
2418-TPEUN,train
3129-AAQOU,train
0991-BRRFB,train
1415-YFWLT,train
9227-YBAXE,train
4250-FDVOU,train
8380-MQINP,train
8512-WIWYV,train
3084-DOWLE,train
2692-BUCFV,train
3372-CDXFJ,train
1395-WSWXR,train
8565-HBFNN,train
7754-IXRMC,train
5562-YJQGT,train
1163-VIPRI,train
9490-DFPMD,train
3393-FMZPV,train
8746-OQQRW,train
3530-CRZSB,train
7105-BENQF,train
7568-PODML,train
6479-OAUSD,train
0017-DINOC,train
2636-ALXXZ,train
8809-RIHDD,train
8984-EYLLL,train
4355-CVPVS,train
9799-CAYJJ,train
2530-FMFXO,train
7746-AWNQW,train
1455-UGQVH,train
3192-LNKRK,train
4817-QRJSX,train
9904-EHEVJ,train
7742-MYPGI,train
5055-MGMGF,train
9730-DRTMJ,train
7519-JTWQH,train
9253-VIFJQ,train
5829-NVSQN,train
3468-DRVQJ,train
4192-GORJT,train
0824-VWDPO,train
2018-QKYGT,train
0308-GIQJT,train
1591-NFNLQ,train
2516-XSJKX,train
6481-OGDOO,train
2946-KIQSP,train
2333-KWEWW,train
9699-UBQFS,train
4486-EFAEB,train
1334-FJSVR,train
4592-IWTJI,train
6572-ADKRS,train
5177-RVZNU,train
3190-FZATL,train
5828-DWPIL,train
5494-HECPR,train
7326-RIGQZ,train
6439-GTPCA,train
6210-KBBPI,train
7077-XJMET,train
9086-YJYXS,train
2040-VZIKE,train
9631-XEYKE,train
5780-INQIK,train
2026-TGDHM,train
1270-XKUCC,train
3569-JFODW,train
4716-MRVEN,train
2576-HXMPA,train
9290-SHCMB,train
7073-QETQY,train
3420-ZDBMA,train
4827-LTQRJ,train
1498-DQNRX,train
7508-DQAKK,train
6179-GJPSO,train
7542-CYDDM,train
9795-NREXC,train
3234-VKACU,train
3227-WLKLI,train
1602-IJQQE,train
2144-BFDSO,train
3284-SVCRO,train
7552-KEYGT,train
4626-OZDTJ,train
4628-CTTLA,train
9127-FHJBZ,train
5756-JYOJT,train
7554-NEWDD,train
8375-KVTHK,train
0701-RFGFI,train
0114-IGABW,train
4683-WYDOU,train
5788-YPOEG,train
2321-OMBXY,train
2672-DZUOY,train
1656-DRSMG,train
5240-IJOQT,train
6064-PUPMC,train
8250-ZNGGW,train
6688-UZPWD,train
7740-BTPUX,train
6072-NUQCB,train
6586-PSJOX,train
4006-HKYHO,train
3423-HHXAO,train
6362-QHAFM,train
8348-HFYIV,train
0939-EREMR,train
3774-VBNXY,train
8050-DVOJX,train
8715-KKTFG,train
8292-TYSPY,train
7924-GJZFI,train
3346-BRMIS,train
7789-HKSBS,train
8631-NBHFZ,train
1641-RQDAY,train
9770-LXDBK,train
1871-MOWRM,train
5834-ASPWA,train
2079-FBMZK,train
2122-YWVYA,train
8218-FFJDS,train
1891-UAWWU,train
8016-ZMGMO,train
9028-LIHRP,train
3908-MKIMJ,train
1265-XTECC,train
2731-GJRDG,train
9828-AOQLM,train
6369-MCAKO,train
5087-SUURX,train
1921-KYSAY,train
4913-EHYUI,train
4891-NLUBA,train
8902-ZEOVF,train
5565-FILXA,train
8734-FNWVH,train
4130-MZLCC,train
3977-QCRSL,train
1767-TGTKO,train
0611-DFXKO,train
5202-IVJNU,train
1626-ERCMM,train
5696-EXCYS,train
6549-NNDYT,train
1839-FBNFR,train
5641-DMBFJ,train
7315-WYOAW,train
7011-CVEUC,train
2003-CKLOR,train
6207-WIOLX,train
4391-RESHN,train
4616-ULAOA,train
4293-ETKAP,train
7931-PXHFC,train
2332-EFBJY,train
8519-IMDHU,train
3884-HCSWG,train
4116-TZAQJ,train
5482-VXSXJ,train
4685-TFLLS,train
2725-IWWBA,train
0356-OBMAC,train
1427-VERSM,train
8246-SHFGA,train
9575-IWCAZ,train
2739-CACDQ,train
4538-WNTMJ,train
7570-WELNY,train
3677-TNKIO,train
7047-FWEYA,train
1981-INRFU,train
8861-HGGKB,train
1000-AJSLD,train
0757-WCUUZ,train
2252-NKNSI,train
9430-FRQOC,train
2560-WBWXF,train
6082-GLJIX,train
4238-HFHSN,train
4381-MHQDC,train
4890-VMUAV,train
8402-OOOHJ,train
3407-QGWLG,train
4893-GYUJU,train
6195-MELTI,train
2296-DKZFP,train
9975-GPKZU,train
0939-YAPAF,train
3223-DWFIO,train
2380-DAMQP,train
3191-CSNMG,train
5914-DVBWJ,train
4778-IZARL,train
4697-LUPSU,train
6034-ZRYCV,train
7580-UGXNC,train
3957-HHLMR,train
2626-URJFX,train
8931-GJJIQ,train
0640-YJTPY,train
8169-SAEJD,train
2660-EMUBI,train
6122-LJADA,train
7739-LAXOG,train
9467-ROOLM,train
0203-HHYIJ,train
2884-GBPFB,train
2002-MZHWP,train
5989-AXPUC,train
1407-DIGZV,train
0268-QKIWO,train
8065-YKXKD,train
4424-TKOPW,train
2725-KXXWT,train
6416-TVAIH,train
0238-WHBIQ,train
3118-UHVVQ,train
4397-FRLTA,train
6603-QWSPR,train
1442-OKRJE,train
9845-QOMAD,train
6413-XKKPU,train
3002-WQZWT,train
5275-PMFUT,train
8309-PPCED,train
5918-VUKWP,train
9974-JFBHQ,train
7771-ZONAT,train
6010-DDPPW,train
4476-OSWTN,train
8563-OYMQY,train
1722-LDZJS,train
7284-ZZLOH,train
4366-CTOUZ,train
8040-MNRTF,train
6974-DAFLI,train
1422-DGUBX,train
8388-DMKAE,train
4765-OXPPD,train
7780-OTDSO,train
8084-OIVBS,train
1373-ORVIZ,train
5193-QLVZB,train
7639-SUPCW,train
6360-SVNWV,train
1728-CXQBE,train
1764-VUUMT,train
1552-CZCLL,train
6521-YYTYI,train
1468-DEFNC,train
6017-PPLPX,train
4365-MSDYN,train
0107-WESLM,train
7703-ZEKEF,train
1563-IWQEX,train
3282-ZISZV,train
9259-PACGQ,train
7465-ZZRVX,train
3055-OYMSE,train
2812-ENYMO,train
7526-IVLYU,train
9801-NOSHQ,train
3186-AJIEK,train
6007-TCTST,train
6368-NWMCE,train
1899-VXWXM,train
9909-IDLEK,train
1265-ZFOSD,train
7120-RFMVS,train
8050-XGRVL,train
2878-RMWXY,train
8972-HJWNV,train
2249-YPRNG,train
7551-JOHTI,train
6000-UKLWI,train
6427-FEFIG,train
2565-JSLRY,train
7964-VEXDG,train
6242-MBHPK,train
8465-SBRXP,train
6181-AXXYF,train
7945-HLKEA,train
3315-TOTBP,train
2868-SNELZ,train
0221-WMXNQ,train
1855-AGAWH,train
6087-MVHJH,train
9796-MVYXX,train
8999-EXMNO,train
2706-QZIHY,train
6817-WTYHE,train
0723-VSOBE,train
0052-DCKON,train
0655-YDGFJ,train
1872-EBWSC,train
1135-LMECX,train
7274-RTAPZ,train
0442-TDYUO,train
8267-ZNYVZ,train
7176-WRTNX,train
2194-IIQOF,train
4062-HBMOS,train
6260-XLACS,train
6769-DCQLI,train
8071-SBTRN,train
2661-GKBTK,train
9639-BUJXT,train
5832-TRLPB,train
8755-OGKNA,train
5188-HGMLP,train
8079-XRJRS,train
1271-SJBGZ,train
5175-WLYXL,train
7131-ZQZNK,train
6689-VRRTK,train
2632-UCGVD,train
8165-CBKXO,train
3969-GYXEL,train
3186-BAXNB,train
9992-RRAMN,train
2984-AFWNC,train
5378-IKEEG,train
5244-IRFIH,train
5688-KZTSN,train
7072-MBHEV,train
7356-IWLFW,train
1391-UBDAR,train
0750-EKNGL,train
3387-VATUS,train
5919-VCZYM,train
9199-PWQVC,train
7683-CBDKJ,train
9500-WBGRP,train
5572-ZDXHY,train
2848-YXSMW,train
5813-UECBU,train
5914-GXMDA,train
2011-TRQYE,train
3258-SYSWS,train
4056-QHXHZ,train
2243-FNMMI,train
5793-YOLJN,train
8859-YSTWS,train
0420-HLGXF,train
9809-IMGCQ,train
6778-YSNIH,train
1564-HJUVY,train
0357-NVCRI,train
0634-SZPQA,train
6229-UOLQL,train
5821-MMEIL,train
2546-KZAAT,train
3348-CFRNX,train
8932-CZHRQ,train
9134-WYRVP,train
8908-NMQTX,train
2815-CPTUL,train
3199-NPKCN,train
2272-QAGFO,train
7576-JMYWV,train
2623-DRYAM,train
7511-YMXVQ,train
3570-YUEKJ,train
0406-BPDVR,train
3712-PKXZA,train
8417-GSODA,train
2474-BRUCM,train
8571-ZCMCX,train
2956-GGUCQ,train
4652-ODEVH,train
9250-WYPLL,train
7351-MHQVU,train
2619-WFQWU,train
5884-FBCTL,train
0722-SVSFK,train
2465-BLLEU,train
1573-LGXBA,train
4508-OEBEY,train
3963-RYFNS,train
8249-THVEC,train
1699-HPSBG,train
1196-AMORA,train
6582-PLFUU,train
5120-ZBLAI,train
1414-YADCW,train
8356-WUAOJ,train
9643-YBLUR,train
2121-JAFOM,train
0947-MUGVO,train
7766-CLTIC,train
4933-IKULF,train
6734-CKRSM,train
4398-HSCJH,train
8276-MQBYC,train
6631-HMANX,train
6122-EFVKN,train
5382-TEMLV,train
6752-APNJL,train
5909-ECHUI,train
8295-KMENE,train
6341-AEVKX,train
4544-RXFMG,train
3528-HFRIQ,train
0961-ZWLVI,train
2316-ESMLS,train
5701-SVCWR,train
6543-JXSOO,train
8260-NGFNY,train
7634-WSWDB,train
3108-PCCGG,train
0756-MPZRL,train
8454-AATJP,train
3810-DVDQQ,train
5804-LEPIM,train
4770-UEZOX,train
7310-EGVHZ,train
9947-OTFQU,train
4831-EOBFE,train
7599-NTMDP,train
6180-YBIQI,train
9137-NOQKA,train
8777-MBMTS,train
1354-YZFNB,train
0137-UDEUO,train
4450-YOOHP,train
5701-ZIKJE,train
8824-RWFXJ,train
6097-EQISJ,train
3247-MHJKM,train
1752-OZXFY,train
6467-CHFZW,train
6168-WFVVF,train
7776-QWNFX,train
9208-OLGAQ,train
4119-ZYPZY,train
8075-GXIUB,train
0343-QLUZP,train
9392-XBGTD,train
2410-CIYFZ,train
0496-AHOOK,train
4441-NIHPT,train
1506-YJTYT,train
7115-IRDHS,train
3413-DHLPB,train
0787-LHDYT,train
6022-KOUQO,train
2232-DMLXU,train
2126-GSEGL,train
0716-BQNDX,train
5294-IMHHT,train
2160-GPFXD,train
3807-BPOMJ,train
8060-HIWJJ,train
0822-QGCXA,train
5151-HQRDG,train
5567-GZKQY,train
7351-KYHQH,train
7833-PKIHD,train
6670-MFRPK,train
3662-FXJFO,train
9251-AWQGT,train
3987-KQDDU,train
6833-JMZYP,train
9680-NIAUV,train
4871-JTKJF,train
0673-IGUQO,train
2072-ZVJJX,train
4948-WBBKL,train
2851-MMUTZ,train
8263-JQAIK,train
6821-JPCDC,train
5895-QSXOD,train
5176-LDKUH,train
7156-MHUGY,train
3798-EPWRR,train
9426-SXNHE,train
1092-WPIVQ,train
6092-QZVPP,train
7619-PLRLP,train
8885-QSQBX,train
8436-BJUMM,train
5214-CHIWJ,train
6937-GCDGQ,train
9770-KXGQU,train
4868-AADLV,train
1432-FPAXX,train
1539-LNKHM,train
5227-JSCFE,train
2804-ETQDK,train
7206-PQBBZ,train
0191-EQUUH,train
1453-RZFON,train
2722-JMONI,train
4501-EQDRN,train
0320-DWVTU,train
0795-GMVQO,train
4685-ERGHK,train
5696-QURRL,train
9871-ELEYA,train
9451-LPGOO,train
7596-LDUXP,train
0196-JTUQI,train
4971-PUYQO,train
7797-EJMDP,train
2672-TGEFF,train
4059-IIEBK,train
7858-GTZSP,train
8510-BBWMU,train
0308-IVGOK,train
2018-PZKMU,train
0334-ZFJSR,train
7969-FFOWG,train
1022-RKXDR,train
4789-KWMXN,train
9169-BSVIN,train
8752-GHJFU,train
6261-RCVNS,train
9453-PATOS,train
4676-WLUHT,train
7446-YPODE,train
0839-QNXME,train
7753-USQYQ,train
6972-SNKKW,train
6135-OZQVA,train
0582-AVCLN,train
0409-WTMPL,train
5197-LQXXH,train
7503-ZGUZJ,train
1697-BCSHV,train
6101-IMRMM,train
5197-PYEPU,train
0093-EXYQL,train
9975-SKRNR,train
9862-KJTYK,train
2176-LVPNX,train
6840-RESVB,train
1582-RAFML,train
4061-UKJWL,train
6425-YQLLO,train
3097-FQTVJ,train
0320-JDNQG,train
5067-WJEUN,train
7916-VCCPB,train
4334-HOWRP,train
4439-YRNVD,train
4804-NCPET,train
3050-GBUSH,train
0197-PNKNK,train
7105-MXJLL,train
0578-SKVMF,train
0280-XJGEX,train
9512-PHSMG,train
4373-MAVJG,train
1140-UKVZG,train
3154-HMWUU,train
7396-VJUZB,train
7576-OYWBN,train
6358-LYNGM,train
3838-OZURD,train
2351-BKRZW,train
0675-NCDYU,train
5792-JALQC,train
8634-CILSZ,train
3755-JBMNH,train
9830-ECLEN,train
9585-KKMFD,train
8630-FJLIB,train
0253-ZTEOB,train
6502-KUGLL,train
9938-TKDGL,train
5445-UTODQ,train
5339-TJFEK,train
1915-OAKWD,train
9337-SRRNI,train
1293-BSEUN,train
6465-GSRCL,train
9750-BOOHV,train
6158-DWPZT,train
1251-STYSZ,train
3546-GHEAE,train
3138-BKYAV,train
8348-JLBUG,train
5887-IKKYO,train
1548-ARAGG,train
9504-YAZWB,train
7639-OPLNG,train
7694-VLBWQ,train
5003-OKNNK,train
3181-VTHOE,train
4291-YZODP,train
6981-TDRFT,train
5309-TAIKL,train
2656-TABEH,train
6922-NCEDI,train
7103-IPXPJ,train
9953-ZMKSM,train
7074-STDCN,train
6635-MYYYZ,train
2460-NGXBJ,train
4770-QAZXN,train
5071-FBJFS,train
1834-WULEG,train
6599-CEBNN,train
8099-MZPUJ,train
9805-FILKB,train
8100-HZZLJ,train
8017-LXHFA,train
9646-NMHXE,train
9565-FLVCG,train
7234-KMNRQ,train
7107-UBYKY,train
5519-YLDGW,train
1137-DGOWI,train
3498-LZGQZ,train
5872-OEQNH,train
6348-SNFUS,train
0036-IHMOT,train
4803-LBYPN,train
0345-HKJVM,train
3359-DSRKA,train
5628-RKIFK,train
7853-GVUDZ,train
4578-PHJYZ,train
7608-RGIRO,train
5743-KHMNA,train
5346-BZCHP,train
0742-NXBGR,train
7486-KSRVI,train
4189-NAKJS,train
5406-KGRMX,train
5980-NOPLP,train
0303-WMMRN,train
7602-MVRMB,train
4143-OOBWZ,train
9415-DPEWS,train
1814-DKOLC,train
3249-ZPQRG,train
0644-OQMDK,train
3750-RNQKR,train
7674-YTAFD,train
4616-EWBNJ,train
1585-MQSSU,train
9158-VCTQB,train
9959-WOFKT,train
5906-DVAPM,train
3754-DXMRT,train
6439-LAJXL,train
6407-GSJNL,train
6620-JDYNW,train
3137-NYQQI,train
6038-GCYEC,train
4774-HHGGS,train
2027-CWDNU,train
5386-THSLQ,train
8920-NAVAY,train
4807-IZYOZ,train
5199-FPUSP,train
8513-OLYGY,train
6464-KEXXH,train
3391-JSQEW,train
8450-LUGUK,train
3043-TYBNO,train
4083-EUGRJ,train
5229-DTFYB,train
6546-OPBBH,train
7968-QUXNS,train
9489-DEDVP,train
7562-GSUHK,train
7389-KBFIT,train
1307-TVUFB,train
3506-LCJDC,train
7721-DVEKZ,train
3806-YAZOV,train
6905-NIQIN,train
4614-NUVZD,train
2075-RMJIK,train
9831-BPFRI,train
3078-ZKNTS,train
7252-NTGSS,train
7409-JURKQ,train
3410-MHHUM,train
1480-BKXGA,train
5066-GFJMM,train
7665-TOALD,train
5914-XRFQB,train
7558-IMLMT,train
8498-XXGWA,train
7929-SKFGK,train
1925-TIBLE,train
2229-DPMBI,train
1265-BCFEO,train
1222-LRYKO,train
3717-OFRTN,train
7978-DKUQH,train
4829-ZLJTK,train
5248-KWLAR,train
6437-UDQJM,train
7850-VWJUU,train
4106-HADHQ,train
1455-HFBXA,train
1564-NTYXF,train
0512-FLFDW,train
6156-UZDLF,train
1162-ECVII,train
4749-OJKQU,train
9026-RNUJS,train
9970-QBCDA,train
4030-VPZBD,train
5716-LIBJC,train
3001-CBHLQ,train
1839-UMACK,train
0936-NQLJU,train
2719-BDAQO,train
5312-TSZVC,train
7854-FOKSF,train
4837-QUSFT,train
1258-YMZNM,train
7379-FNIUJ,train
8444-WRIDW,train
4727-MCYZG,train
8217-QYOHV,train
5073-WXOYN,train
4572-DVCGN,train
5174-RNGBH,train
0428-IKYCP,train
0697-ZMSWS,train
0495-RVCBF,train
4958-GZWIY,train
7009-LGECI,train
2081-VEYEH,train
7801-CEDNV,train
0862-PRCBS,train
8510-TMWYB,train
4847-TAJYI,train
6904-JLBGY,train
6629-CZTTH,train
1919-RTPQD,train
7850-THJMU,train
9708-KFDBY,train
8647-SDTWQ,train
0690-SRQID,train
2294-SALNE,train
6729-FZWSY,train
5702-SKUOB,train
3308-DGHKL,train
8957-THMOA,train
8197-BFWVU,train
1837-YQUCE,train
0835-JKADZ,train
6873-UDNLD,train
9725-SCPZG,train
3043-SUDUA,train
1660-HSOOQ,train
8734-DKSTZ,train
3494-JCHRQ,train
3976-BWUCK,train
6633-SYEUS,train
8625-AZYZY,train
5349-IECLD,train
1850-AKQEP,train
8969-PRHFK,train
4274-OWWYO,train
4609-KNNWG,train
4702-IOQDC,train
9619-GSATL,train
3088-LHEFH,train
4184-TJFAN,train
5627-TVBPP,train
3090-LETTY,train
7895-VONWT,train
7839-NUIAA,train
2882-DDZPG,train
6435-VWCCY,train
1254-IZEYF,train
4629-NRXKX,train
3556-BVQGL,train
4673-KKSLS,train
3192-NQECA,train
3021-VLNRJ,train
3874-EQOEP,train
7576-ASEJU,train
7711-YIJWC,train
0229-LFJAF,train
3736-BLEPA,train
1173-XZPYF,train
0426-TIRNE,train
7176-WIONM,train
1389-WNUIB,train
0193-ESZXP,train
7349-ALMUX,train
2690-DVRVK,train
8317-BVKSO,train
9223-UCPVT,train
2379-ENZGV,train
7103-ZGVNT,train
5816-JMLGY,train
7243-LCGGZ,train
4597-NUCQV,train
0723-DRCLG,train
7020-OZKXZ,train
6772-WFQRD,train
1089-HDMKP,train
4139-JPIAM,train
9090-SGQXL,train
6131-JLWZM,train
1498-NHTLT,train
4644-PIZRT,train
5208-FVQKB,train
9894-EZEWG,train
7607-QKKTJ,train
3606-SBKRY,train
0691-NIKRI,train
2842-JTCCU,train
9912-GVSEQ,train
0687-ZVTHB,train
4273-MBHYA,train
3583-KRKMD,train
4707-MAXGU,train
0106-GHRQR,train
3705-RHRFR,train
8417-FMLZI,train
9795-VOWON,train
6762-QVYJO,train
9659-QEQSY,train
9774-NRNAU,train
9342-VNIMQ,train
1125-SNVCK,train
5493-SDRDQ,train
5393-RXQSZ,train
3863-QSTYI,train
2667-WYLWJ,train
0392-BZIUW,train
8205-OTCHB,train
6330-JKLPC,train
5075-JSDKI,train
2675-OTVVJ,train
4110-PFEUZ,train
1478-VPOAD,train
7113-HIPFI,train
1333-PBMXB,train
4198-VFOEA,train
1163-ONYEY,train
5766-FTRTS,train
7609-NRNCA,train
3285-UCQVC,train
4390-KYULV,train
7145-FEJWU,train
5201-CBWYG,train
0021-IKXGC,train
6599-GZWCM,train
0657-DOGUM,train
7665-VIGUD,train
5356-RHIPP,train
2542-HYGIQ,train
8800-JOOCF,train
7064-JHXCE,train
7268-IGMFD,train
7394-FKDNK,train
8344-WFMFH,train
2509-TFPJU,train
9546-KDTRB,train
9734-UYXQI,train
9402-CXWPL,train
7673-BQGKU,train
0396-YCHWO,train
9614-RMGHA,train
8919-FYFQZ,train
1291-CUOCY,train
3473-XIIIT,train
7696-AMHOD,train
5472-CVMDX,train
5899-MQZZL,train
2342-CKIAO,train
2014-MKGMH,train
5687-DKDTV,train
7517-SAWMO,train
4797-AXPXK,train
1208-DNHLN,train
6615-NGGZJ,train
1268-ASBGA,train
6289-CPNLD,train
0895-LNKRC,train
8148-NLEGT,train
4957-TREIR,train
3308-JSGML,train
9101-BWFSS,train
7901-IIDQV,train
2070-XYMFH,train
1303-SRDOK,train
3956-CJUST,train
0661-XEYAN,train
9152-AMKAK,train
4822-NGOCH,train
1670-SVOWZ,train
9958-MEKUC,train
4338-EYCER,train
7147-AYBAA,train
3070-BDOQC,train
5375-XLDOF,train
9137-UIYPG,train
9762-YAQAA,train
0282-NVSJS,train
3886-CERTZ,train
7975-JMZNT,train
0722-TROQR,train
6416-YJTTB,train
9931-DCEZH,train
5923-GXUOC,train
1732-FEKLD,train
5676-CFLYY,train
5312-IRCFR,train
3945-GFWQL,train
7639-LIAYI,train
2832-KJCRD,train
3950-VPYJB,train
4636-OLWOE,train
8979-CAMGB,train
8745-PVESG,train
6556-DBKZF,train
9617-INGJY,train
4146-SVFUD,train
0151-ONTOV,train
3158-MOERK,train
0575-CUQOV,train
7821-DPRQE,train
1930-WNXSB,train
0570-BFQHT,train
3224-DFQNQ,train
1465-VINDH,train
7302-ZHMHP,train
7614-QVWQL,train
0374-IOEGQ,train
7636-OWBPG,train
9068-VPWQQ,train
4695-WJZUE,train
9625-QNLUX,train
6121-VZNQB,train
2988-QRAJY,train
6876-ADESB,train
4236-UJPWO,train
0310-SUCIN,train
2612-RRIDN,train
8464-EETCQ,train
3815-SLMEF,train
5126-RCXYW,train
8232-CTLKO,train
8499-BRXTD,train
6837-BJYDQ,train
0378-NHQXU,train
1423-BMPBQ,train
0419-YAAPX,train
2226-ICFDO,train
7729-JTEEC,train
6924-TDGMT,train
7785-RDVIG,train
6393-WRYZE,train
6231-WFGFH,train
4565-EVZMJ,train
5168-MSWXT,train
4510-HIMLV,train
8259-DZLIZ,train
7550-WIQVA,train
7009-PCARS,train
7711-GQBZC,train
9306-CPCBC,train
5027-QPKTE,train
3009-JWMPU,train
5149-QYTTU,train
3834-XUIFC,train
3296-SILRA,train
6789-HJBWG,train
3398-GCPMU,train
3763-GCZHZ,train
2205-LPVGL,train
6695-FRVEC,train
1226-JZNKR,train
5569-OUICF,train
1241-FPMOF,train
0078-XZMHT,train
9625-QSTYE,train
4837-PZTIC,train
1735-XMJVH,train
4690-PKDQG,train
0128-MKWSG,train
1153-GNOLC,train
0612-RTZZA,train
9798-OPFEM,train
5453-AXEPF,train
8082-GHXOP,train
6447-EGDIV,train
8816-VXNZD,train
1399-OUPJN,train
8050-WYBND,train
7716-YTYHG,train
2709-UQGNP,train
6516-NKQBO,train
2674-MLXMN,train
1724-BQUHA,train
7901-HXJVA,train
6060-DRTNL,train
4646-QZXTF,train
8166-ZZTFS,train
7033-CLAMM,train
7783-YKGDV,train
0917-EZOLA,train
5985-TBABQ,train
4385-GZQXV,train
6061-PQHMK,train
7473-ZBDSN,train
9739-JLPQJ,train
0354-WYROK,train
6176-YJWAS,train
6518-PPLMZ,train
4361-BKAXE,train
2479-BRAMR,train
3507-GASNP,train
2200-DSAAL,train
8328-SKJNO,train
9548-LIGTA,train
9269-CQOOL,train
6250-CGGUN,train
7089-RKVSZ,train
7163-OCEQI,train
8046-DNVTL,train
2792-LSHWX,train
9191-MYQKX,train
2040-XBAVJ,train
0708-LGSMF,train
5322-TEUJK,train
9921-EZKBY,train
6650-VJONK,train
6485-QXWWE,train
4446-BZKHU,train
1591-XWLGB,train
4455-BFSPD,train
1184-PJVDB,train
7979-CORPM,train
3946-JEWRQ,train
6188-UXBBR,train
3913-RDSJZ,train
8216-AZUUZ,train
3401-URHDA,train
1666-JZPZT,train
0295-QVKPB,train
4641-FROLU,train
0831-JNISG,train
8305-VHZBZ,train
8467-WYNSR,train
3488-PGMQJ,train
2607-FBDFF,train
5684-FJVYR,train
7874-ECPQJ,train
2082-CEFLT,train
0422-OHQHQ,train
8878-HMWBV,train
2817-NTQDO,train
6285-FTQBF,train
6878-GGDWG,train
7328-ZJAJO,train
5186-PEIZU,train
4632-XJMEX,train
6696-YDAYZ,train
5673-TIYIB,train
9371-BITHB,train
2144-ESWKO,train
1982-FEBTD,train
8108-UXRQN,train
3244-CQPHU,train
5655-JSMZM,train
1792-UXAFY,train
1212-GLHMD,train
7541-YLXCL,train
0178-SZBHO,train
1734-ZMNTZ,train
4598-ZADCK,train
4712-UYOOI,train
9708-HPXWZ,train
9462-MJUAW,train
0840-DCNZE,train
9391-DXGGG,train
4951-UKAAQ,train
6645-MXQJT,train
6425-JWTDV,train
5997-OPVFA,train
5153-RTHKF,train
5049-GLYVG,train
2856-NNASM,train
7247-XOZPB,train
8563-IIOXK,train
6384-VMJHP,train
1064-FBXNK,train
4129-LYCOI,train
3137-LUPIX,train
1891-FZYSA,train
8631-WUXGY,train
8329-UTMVM,train
8775-LHDJH,train
0679-TDGAK,train
8884-MRNSU,train
4822-YCXMX,train
3656-TKRVZ,train
9050-IKDZA,train
2495-TTHBQ,train
3030-ZKIWL,train
5269-NRGDP,train
0895-UADGO,train
8774-GSBUN,train
8184-WMOFI,train
6585-WCEWR,train
9348-ROUAI,train
2692-AQCPF,train
7707-PYBBH,train
0447-RXSGD,train
8221-EQDGL,train
1084-MNSMJ,train
8823-RLPWL,train
7547-EKNFS,train
5494-WOZRZ,train
8384-FZBJK,train
9957-YODKZ,train
0386-CWRGM,train
1216-JWVUX,train
0188-GWFLE,train
9626-VFRGG,train
4566-QVRRW,train
0125-LZQXK,train
9227-UAQFT,train
3606-TWKGI,train
2320-JRSDE,train
9929-PLVPA,train
5995-WWKKG,train
3170-GWYKC,train
7956-XQWGU,train
1087-GRUYI,train
0122-OAHPZ,train
6718-BDGHG,train
0786-VSSUD,train
1052-QJIBV,train
0942-KOWSM,train
0508-SQWPL,train
1450-SKCVI,train
2277-AXSDC,train
2202-OUTMO,train
3262-EIDHV,train
4636-JGAAI,train
3871-IKPYH,train
3258-SANFR,train
2908-ZTPNF,train
2577-GVSIL,train
2592-SEIFQ,train
3701-SFMUH,train
1215-VFYVK,train
7219-TLZHO,train
2197-OMWGI,train
8746-BFOAJ,train
4782-OSFXZ,train
3541-ZNUHK,train
2208-UGTGR,train
7480-QNVZJ,train
0643-OKLRP,train
3682-YEUWS,train
3896-ZVNET,train
9488-FYQAU,train
3814-MLAXC,train
3134-DSHVC,train
3723-BFBGR,train
8468-FZTOE,train
4884-TVUQF,train
3274-NSDWE,train
5619-PTMIK,train
2504-DSHIH,train
6437-UKHMV,train
5716-EZXZN,train
4808-YNLEU,train
6927-WTFIV,train
7240-FQLHE,train
3853-LYGAM,train
9036-CSKBW,train
7255-SSFBC,train
9142-KZXOP,train
4615-PIVVU,train
0315-LVCRK,train
0020-JDNXP,train
3550-SAHFP,train
1905-OEILC,train
5748-RNCJT,train
4139-DETXS,train
6719-FGEDO,train
8780-YRMTT,train
4430-YHXGG,train
3378-AJRAO,train
6928-ONTRW,train
6980-IMXXE,train
2371-JQHZZ,train
6734-GMPVK,train
6916-HIJSE,train
1698-XFZCI,train
6732-VAILE,train
6650-BWFRT,train
0999-QXNSA,train
0613-WUXUM,train
4183-MYFRB,train
5480-TBGPH,train
5956-YHHRX,train
1167-OYZJF,train
5433-KYGHE,train
3740-RLMVT,train
6100-QQHEB,train
2753-JMMCV,train
3259-FDWOY,train
5597-GLBUC,train
7088-FBAWU,train
4980-URKXC,train
8473-VUVJN,train
4510-PYUSH,train
4322-RCYMT,train
2928-HLDBA,train
6457-GIRWB,train
7130-YXBRO,train
0396-HUJBP,train
2039-JONDJ,train
5172-RKOCB,train
8404-VIOMB,train
3800-LYTRK,train
3892-NXAZG,train
2886-KEFUM,train
4199-QHJNM,train
9492-TOKRI,train
6281-FKEWS,train
5995-SNNEW,train
8421-WZOOW,train
6469-QJKZW,train
9916-AYHTC,train
0818-OCPZO,train
3178-FESZO,train
5649-RXQTV,train
5095-AESKG,train
0887-WBJVH,train
2371-JUNGC,train
6963-EZQEE,train
5605-IYGFG,train
2696-NARTR,train
2834-SPCJV,train
2796-NNUFI,train
7734-DBOAI,train
8336-TAVKX,train
1608-GMEWB,train
7622-NXQZR,train
0130-SXOUN,train
3511-APPBJ,train
0259-GBZSH,train
9605-WGJVW,train
2824-MYYBN,train
6178-KFNHS,train
5356-CSVSQ,train
6440-DKQGE,train
9496-IVVRP,train
7055-VKGDA,train
4472-VESGY,train
0254-FNMCI,train
0237-YFUTL,train
4311-QTTAI,train
6339-TBELP,train
4585-HETAI,train
7798-JVXYM,train
2468-SJFLM,train
4009-ALQFH,train
3428-XZMAZ,train
1260-TTRXI,train
9796-BPKIW,train
0489-WMEMG,train
2325-WINES,train
6621-YOBKI,train
6925-BAYGL,train
6923-AQONU,train
8514-VZHEB,train
4598-XLKNJ,train
1363-TXLSL,train
3096-YXENJ,train
0080-EMYVY,train
9297-FVVDH,train
7730-IUTDZ,train
8999-BOHSE,train
3410-YOQBQ,train
0511-JTEOY,train
9314-QDMDW,train
5138-WVKYJ,train
7530-HDYDS,train
8818-XYFCQ,train
6549-YMFAW,train
1866-ZSLJM,train
4203-QGNZA,train
5174-ITUMV,train
2081-KJSQF,train
0584-BJQGZ,train
9618-LFJRU,train
4877-EVATK,train
0924-BJCRC,train
1245-HARPS,train
6432-TWQLB,train
3566-CAAYU,train
0678-RLHVP,train
4135-FRWKJ,train
3363-EWLGO,train
1421-HCERK,train
7024-OHCCK,train
3067-SVMTC,train
8815-LMFLX,train
0225-ZORZP,train
4374-YMUSQ,train
0621-TSSMU,train
2259-OUUSZ,train
5349-AZPEW,train
5600-KTXFM,train
9432-VOFYX,train
5298-GSTLM,train
8896-RAZCR,train
5583-SXDAG,train
6100-FJZDG,train
1400-WIVLL,train
6296-DDOOR,train
5274-XHAKY,train
6892-EZDTG,train
8984-HPEMB,train
8981-FJGLA,train
2000-DHJUY,train
7880-XSOJX,train
1449-XQEMT,train
0704-VCUMB,train
0323-XWWTN,train
8035-BUYVG,train
7481-ATQQS,train
8393-JMVMB,train
5982-PSMKW,train
3486-NPGST,train
1666-JXLKU,train
6859-RKMZJ,train
8182-PNAGI,train
2004-OCQXK,train
1612-EOHDH,train
0822-GAVAP,train
1984-GPTEH,train
6567-HOOPW,train
6633-MPWBS,train
8039-ACLPL,train
7566-DSRLQ,train
5795-KTGUD,train
4007-NHVHI,train
3221-CJMSG,train
6204-IEUXJ,train
9003-CPATH,train
1399-UBQIU,train
1229-RCALF,train
2403-BCASL,train
9659-ZTWSM,train
6727-IOTLZ,train
8901-HJXTF,train
2606-PKWJB,train
2691-NZETQ,train
2235-EZAIK,train
4389-UEFCZ,train
5084-OOVCJ,train
0361-HJRDX,train
5898-IGSLP,train
4431-EDMIQ,train
0265-EDXBD,train
6475-VHUIZ,train
3752-CQSJI,train
8606-OEGQZ,train
7908-QCBCA,train
8382-SHQEH,train
8966-OIQHG,train
9424-CMPOG,train
4844-JJWUY,train
8319-QBEHW,train
1337-BOZWO,train
4900-MSOMT,train
7615-ESMYF,train
4013-UBXWQ,train
1397-XKKWR,train
8944-AILEF,train
4872-JCVCA,train
0064-YIJGF,train
2361-UPSND,train
7328-OWMOM,train
9776-CLUJA,train
8201-AAXCB,train
0487-VVUVK,train
3870-SPZSI,train
2545-LXYVJ,train
0812-WUPTB,train
7675-OZCZG,train
2115-BFTIW,train
1041-RXHRA,train
4255-DDUOU,train
0100-DUVFC,train
5090-EMGTC,train
5961-VUSRV,train
9101-NTIXF,train
5154-VEKBL,train
5955-ERIHD,train
2209-XADXF,train
7242-EDTYC,train
5364-EVNIB,train
0362-ZBZWJ,train
1657-DYMBM,train
5135-GRQJV,train
8067-NIOYM,train
7138-GIRSH,train
8174-LNWMW,train
3669-WHAFY,train
9874-QLCLH,train
9000-PLFUZ,train
9798-DRYDS,train
3422-GALYP,train
0187-WZNAB,train
9822-OAOVB,train
4335-BSMJS,train
4423-JWZJN,train
5848-FHRFC,train
6016-LVTJQ,train
7353-YOWFP,train
7402-PWYJJ,train
0603-OLQDC,train
3914-FDRHP,train
4325-NFSKC,train
0222-CNVPT,train
7526-BEZQB,train
4163-HFTUK,train
5781-BKHOP,train
5054-IEXZT,train
2302-ANTDP,train
5868-CZJDR,train
3811-VBYBZ,train
2979-SXESE,train
9896-UYMIE,train
9297-EONCV,train
6103-BOCOU,train
7595-EUIVN,train
8910-ICHIU,train
7994-UYIVZ,train
1849-RJYIG,train
2675-DHUTR,train
0248-PGHBZ,train
9397-TZSHA,train
4536-PLEQY,train
9577-WJVCQ,train
6075-SLNIL,train
2832-SCUCO,train
4257-GAESD,train
7427-AUFPY,train
8660-BUETV,train
5296-PSYVW,train
5032-USPKF,train
3070-FNFZQ,train
2138-VFAPZ,train
9801-GDWGV,train
4291-HPAXL,train
1266-NZYUI,train
2808-CHTDM,train
6402-ZFPPI,train
4123-FCVCB,train
9837-FWLCH,train
0195-IESCP,train
3648-GZPHF,train
2164-SOQXL,train
5278-PNYOX,train
0750-EBAIU,train
4274-DRSQT,train
4603-JANFB,train
4763-PGDPO,train
8413-VONUO,train
7590-VHVEG,train
7459-IMVYU,train
0234-TEVTT,train
3068-OMWZA,train
2205-YMZZJ,train
9294-TDIPC,train
1596-OQSPS,train
6942-LBFDP,train
7527-QNRUS,train
4926-UMJZD,train
0867-MKZVY,train
9504-DSHWM,train
8138-EALND,train
7762-URZQH,train
7777-UNYHB,train
5678-VFNEQ,train
7109-MFBYV,train
3167-SNQPL,train
4021-RQSNY,train
6476-YHMGA,train
2274-XUATA,train
4139-SUGLD,train
0071-NDAFP,train
7318-EIVKO,train
1301-LOPVR,train
0817-HSUSE,train
0378-CJKPV,train
2150-UWTFY,train
4403-BWPAY,train
6221-AVQYL,train
1222-KJNZD,train
5192-EBGOV,train
8942-DBMHZ,train
9513-DXHDA,train
5046-NUHWD,train
9497-QCMMS,train
2676-ISHSF,train
8225-BTJAU,train
0480-BIXDE,train
6818-DJXAA,train
2880-FPNAE,train
1971-DTCZB,train
0793-TWELN,train
2384-OVPSA,train
3902-FOIGH,train
6244-BESBM,train
8812-ZRHFP,train
3474-BAFSJ,train
9173-IVZVP,train
8242-SOQUO,train
0804-YGEQV,train
2040-LDIWQ,train
5989-OMNJE,train
7706-DZNKK,train
0607-MVMGC,train
6862-CQUMB,train
4385-ZKVNW,train
7758-XKCBS,train
0674-DGMAQ,train
4580-TMHJU,train
9172-JITSM,train
6005-OBZPH,train
8152-UOBNY,train
6849-WLEYG,train
8198-RKSZG,train
0877-SDMBN,train
0666-UXTJO,train
5959-BELXA,train
8091-TTVAX,train
5498-TXHLF,train
5360-XGYAZ,train
9092-GDZKO,train
4999-IEZLT,train
3113-IWHLC,train
4373-VVHQL,train
5285-MVEHD,train
6960-HVYXR,train
6671-NGWON,train
0142-GVYSN,train
5233-AOZUF,train
3307-TLCUD,train
3521-MNKLV,train
2604-XVDAM,train
5171-EPLKN,train
1309-BXVOQ,train
1024-KPRBB,train
7233-DRTRF,train
2057-BOYKM,train
9853-JFZDU,train
0577-WHMEV,train
2621-UDNLU,train
8739-QOTTN,train
0378-TOVMS,train
5699-BNCAS,train
5397-TUPSH,train
8705-WZCYL,train
5394-SVGJV,train
5577-OTWWW,train
1636-NTNCO,train
2446-PLQVO,train
9526-JAWYF,train
4369-NYSCF,train
9668-PUGNU,train
4896-CPRPF,train
4079-ULGFR,train
3156-QLHBO,train
8631-XVRZL,train
9360-OMDZZ,train
2990-HWIML,train
5656-JAMLX,train
6598-KELSS,train
8290-YWKHZ,train
5781-RFZRP,train
0827-ITJPH,train
0318-QUUOB,train
8332-OSJDW,train
9555-SAHUZ,train
2452-MRMZF,train
6386-SZZKH,train
2391-IPLOP,train
7284-BUYEC,train
2920-RNCEZ,train
5889-LFOLL,train
4013-TLDHQ,train
0401-WDBXM,train
0601-WZHJF,train
5981-ZVXOT,train
7126-RBHSD,train
5879-HMFFH,train
5859-HZYLF,train
3806-DXQOM,train
9688-YGXVR,train
8705-DWKTI,train
6851-WEFYX,train
2424-WVHPL,train
3640-PHQXK,train
7306-YDSOI,train
0491-KAPQG,train
3034-ZBEQN,train
0239-OXEXL,train
8894-JVDCV,train
3620-EHIMZ,train
2951-QOQTK,train
3316-UWXUY,train
1502-XFCVR,train
4729-XKASR,train
5143-WMWOG,train
0603-TPMIB,train
9300-AGZNL,train
2252-ISRNH,train
2346-DJQTB,train
8229-MYEJZ,train
4979-HPRFL,train
5387-ASZNZ,train
2189-UXTKY,train
8080-POTJR,train
8313-AFGBW,train
1803-BGNBD,train
6120-RJKLU,train
2030-BTZRO,train
7641-EUYET,train
3450-WXOAT,train
3178-CIFOT,train
7049-GKVZY,train
0068-FIGTF,train
3255-GRXMG,train
4976-LNFVV,train
6574-MCOEH,train
7399-QHBJS,train
0734-OXWBT,train
2615-YVMYX,train
1589-AGTLK,train
8016-NCFVO,train
2234-XADUH,train
7721-JXEAW,train
2674-MIAHT,train
5271-DBYSJ,train
6705-LNMDD,train
4324-BZCKL,train
2868-MZAGQ,train
4521-YEEHE,train
6127-IYJOZ,train
5989-PGKJB,train
2538-OIMXF,train
3658-QQJYD,train
4922-CVPDX,train
6265-FRMTQ,train
6008-NAIXK,train
5160-UXJED,train
4816-JBHOV,train
1501-SGHBW,train
4849-PYRLQ,train
7693-LCKZL,train
2237-ZFSMY,train
3012-VFFMN,train
5915-DGNVC,train
3617-XLSGQ,train
1347-KTTTA,train
8749-JMNKX,train
4504-YOULA,train
7197-VOJMM,train
2229-VWQJH,train
6549-BTYPG,train
3415-TAILE,train
4559-UWIHT,train
2208-NQBCT,train
5299-RULOA,train
2038-YSEZE,train
3653-NCRDJ,train
9081-WWXKP,train
9436-ZBZCT,train
6615-ZGEDR,train
3951-NJCVI,train
7943-RQCHR,train
9675-ICXCT,train
8755-IWJHN,train
6804-GDMOI,train
5778-BVOFB,train
4525-VZCZG,train
6416-JNVRK,train
0674-GCDXG,train
6838-YAUVY,train
0927-LCSMG,train
3230-JCNZS,train
2359-KLTEK,train
3398-FSHON,train
8076-FEZKJ,train
4248-HCETZ,train
8760-ZRHKE,train
9305-CDSKC,train
0902-RFHOF,train
3318-NMQXL,train
3384-CTMSF,train
8908-SLFCJ,train
5286-YHCVC,train
4495-LHSSK,train
1619-YWUBB,train
2558-BUOZZ,train
7595-EHCDL,train
8008-OTEZX,train
5502-RLUYV,train
8073-IJDCM,train
4967-WPNCF,train
9817-APLHW,train
2428-HYUNX,train
6295-OSINB,train
6907-NZZIJ,train
7089-IVVAZ,train
4518-FZBSX,train
8399-YNDCH,train
0014-BMAQU,train
6266-QHOJZ,train
7129-AZJDE,train
8294-UIMBA,train
2382-BCKQJ,train
1031-IIDEO,train
2387-KDZQY,train
4010-YLMVT,train
8714-CTZJW,train
1843-TLSGD,train
7665-NKLAV,train
4488-KQFDT,train
6229-LSCKB,train
3166-PNEOF,train
7544-ZVIKX,train
4318-RAJVY,train
4918-FYJNT,train
3258-ZKPAI,train
4112-LUEIZ,train
6050-IJRHS,train
9578-VRMNM,train
7000-WCEVQ,train
3280-NMUVX,train
3663-MITLP,train
8150-QUDFX,train
5886-VLQVU,train
4123-DVHPH,train
1641-BYBTK,train
4759-TRPLW,train
2634-HCZGT,train
6016-NXBNJ,train
4704-ERYFC,train
8277-RVRSV,train
2219-MVUSO,train
3533-UVMOM,train
3882-IYOIJ,train
2511-ALLCS,train
6621-NRZAK,train
1728-BQDMA,train
3071-VBYPO,train
8337-MSSXB,train
7321-PKUYW,train
1579-KLYDT,train
9170-CCKOU,train
8325-QRPZR,train
4859-ZSRDZ,train
9885-MFVSU,train
9233-PSYHO,train
8433-WXGNA,train
5642-MHDQT,train
2273-QCKXA,train
1492-KGETH,train
4919-MOAVT,train
3276-HDUEG,train
8565-WUXZU,train
2774-LVQUS,train
0639-TSIQW,train
2305-MRGLV,train
3916-NRPAP,train
1352-VHKAJ,train
2369-UAPKZ,train
8878-RYUKI,train
6877-TJMBR,train
5117-IFGPS,train
2050-ONYDQ,train
7860-KSUGX,train
6921-OZMFH,train
0968-GSIKN,train
0567-XRHCU,train
1544-JJMYL,train
1724-IQWNM,train
4452-QIIEB,train
6635-CPNUN,train
9670-BPNXF,train
9919-KNPOO,train
0326-VDYXE,train
9570-KYEUA,train
6695-AMZUF,train
8263-QMNTJ,train
3824-RHKVR,train
3645-DEYGF,train
0969-RGKCU,train
4250-ZBWLV,train
3717-LNXKW,train
7030-NJVDP,train
2154-KVJFF,train
9965-YOKZB,train
8178-EYZUO,train
0530-IJVDB,train
2404-JIBFC,train
6653-CBBOM,train
3091-FYHKI,train
8958-JPTRR,train
5275-SQEIZ,train
1043-YCUTE,train
0947-IDHRQ,train
7989-AWGEH,train
6259-WJQLC,train
9658-WYUFB,train
1042-HFUCW,train
9348-YVOMK,train
5950-AAAGJ,train
7537-RBWEA,train
5028-HTLJB,train
2931-FSOHN,train
4078-SAYYN,train
4109-CYRBD,train
9419-IPPBE,train
3030-YZADT,train
0516-VRYBW,train
6481-LXPWL,train
4063-EIKNQ,train
9470-XCCEM,train
5175-AOBHI,train
2961-VNFKL,train
3863-IUBJR,train
3557-HTYWR,train
6035-BXTTY,train
4111-BNXIF,train
8672-OAUPW,train
0481-SUMCB,train
9281-OFDMF,train
9541-ZPSEA,train
9108-EJFJP,train
5708-EVONK,train
8200-KLNYW,train
5512-IDZEI,train
1251-KRREG,train
6115-ZTBFQ,train
6347-DCUIK,train
0533-BNWKF,train
5055-BRMNE,train
0002-ORFBO,train
6656-JWRQX,train
0731-EBJQB,train
5249-QYHEX,train
8066-POXGX,train
5575-GNVDE,train
9451-WLYRI,train
9229-RQABD,train
5317-FLPJF,train
0572-ZJKLT,train
4102-OQUPX,train
6350-XFYGW,train
0067-DKWBL,train
9835-ZIITK,train
0945-TSONX,train
7989-VCQOH,train
6711-FLDFB,train
3597-MVHJT,train
5108-ADXWO,train
5131-PONJI,train
9823-EALYC,train
5077-DXTCG,train
5173-WXOQV,train
3329-WDIOK,train
7401-RUBNK,train
8637-XJIVR,train
6257-DTAYD,train
4137-BTIKL,train
7698-YFGEZ,train
8901-UPRHR,train
2363-BJLSL,train
3212-KXOCR,train
0848-ZGQIJ,train
4923-ADWXJ,train
8883-GRDWQ,train
9150-KPBJQ,train
7989-CHGTL,train
9609-BENEA,train
5876-QMYLD,train
0927-CNGRH,train
2685-SREOM,train
7321-KKSDU,train
3525-DVKFN,train
4791-QRGMF,train
7110-BDTWG,train
9776-OJUZI,train
2108-XWMPY,train
0946-CLJTI,train
4234-XTNEA,train
9367-WXLCH,train
5399-ZIMKF,train
6166-YIPFO,train
7100-FQPRV,train
2575-GFSOE,train
9631-RXVJM,train
0436-TWFFZ,train
9522-ZSINC,train
0661-WCQNQ,train
7025-IWFHT,train
8065-QBYTO,train
3278-FSIXX,train
3005-NFMTA,train
8268-YDIXR,train
5474-LAMUQ,train
1897-OKVMW,train
5954-BDFSG,train
8725-JEDFD,train
3351-NGXYI,train
0030-FNXPP,train
6047-SUHPR,train
2272-UOINI,train
2176-OSJUV,train
8100-PNJMH,train
0228-MAUWC,train
2324-AALNO,train
7398-HPYZQ,train
6591-QGOYB,train
2190-PHBHR,train
8874-EJNSR,train
5176-OLSKT,train
7975-TZMLR,train
7951-VRDVK,train
2450-ZKEED,train
3566-VVORZ,train
7945-PRBVF,train
8087-LGYHQ,train
3427-GGZZI,train
8608-OZTLB,train
2225-ZRGSG,train
2651-ZCBXV,train
2483-XSSMZ,train
4361-JEIVL,train
2790-XUYMV,train
3144-AUDBS,train
3719-TDVQB,train
9323-HGFWY,train
1580-BMCMR,train
2167-FQSTQ,train
3419-SNJJD,train
6869-FGJJC,train
8404-FYDIB,train
9971-ZWPBF,train
8480-PPONV,train
2068-WWXQZ,train
0302-JOIVN,train
4328-VUFWD,train
6351-SCJKT,train
5039-LZRQT,train
1685-VAYJF,train
0219-YTZUE,train
9700-ZCLOT,train
4079-WWQQQ,train
0670-ANMUU,train
7245-NIIWQ,train
7173-TETGO,train
8670-ERCJH,train
2968-SSGAA,train
5965-GGPRW,train
5940-NFXKV,train
1038-ZAGBI,train
8681-ICONS,train
2962-XPMCQ,train
8740-XLHDR,train
4342-HFXWS,train
6078-VESFR,train
4304-XUMGI,train
5022-KVDQT,train
4622-YNKIJ,train
5842-POCOP,train
4853-OITSN,train
9728-FTTVZ,train
6629-LADHQ,train
5663-QBGIS,train
9620-QJREV,train
7765-LWVVH,train
1150-FTQGN,train
8414-OOEEL,train
9317-WZPGV,train
7359-SSBJK,train
2737-WFVYW,train
9477-LGWQI,train
0330-BGYZE,train
8490-BXHEO,train
5201-FRKKS,train
6461-SZMCV,train
3173-WSSUE,train
6518-LGAOV,train
5481-NTDOH,train
4080-OGPJL,train
9943-VSZUV,train
5451-YHYPW,train
6614-FHDBO,train
8807-ARQET,train
6732-FZUGP,train
3298-QEICA,train
2716-GFZOR,train
4012-ZTHBR,train
6253-WRFHY,train
7188-CBBBA,train
4607-CHPCA,train
6537-OTKMY,train
5968-XQIVE,train
1099-BTKWT,train
6599-SFQVE,train
9396-ZSFLL,train
5624-RYAMH,train
3424-NMNBO,train
2650-GYRYL,train
2636-SJDOU,train
6906-ANDWJ,train
8761-NSOBC,train
9093-FPDLG,train
8626-XHBIE,train
5214-NLTIT,train
9257-AZMTZ,train
7108-DGVUU,train
7048-GXDAY,train
7636-XUHWW,train
2267-WTPYD,train
9300-RENDD,train
2233-FAGXV,train
6861-OKBCE,train
6407-UTSLV,train
1830-GGFNM,train
6502-HCJTI,train
3452-SRFEG,train
1685-BQULA,train
6828-HMKWP,train
8640-SDGKB,train
2506-TNFCO,train
3635-JBPSG,train
9898-KZQDZ,train
7537-CBQUZ,train
7932-WPTDS,train
9174-IHETN,train
7878-JGDKK,train
2251-PYLPB,train
6994-KERXL,train
8992-OBVDG,train
2223-GDSHL,train
8784-CGILN,train
3318-ISQFQ,train
0508-OOLTO,train
8943-URTMR,train
7469-LKBCI,train
7812-FZHPE,train
9170-ARBTB,train
4730-AWNAU,train
9373-WSLOY,train
0925-VYDLG,train
0281-CNTZX,train
5827-MWCZK,train
8096-LOIST,train
0191-ZHSKZ,train
3733-LSYCE,train
9385-EHGDO,train
4883-QICIH,train
9242-TKFSV,train
6513-EECDB,train
3374-TTZTK,train
5006-MXVRN,train
8292-FRFZQ,train
9281-PKKZE,train
5777-ZPQNC,train
2122-SZZZD,train
9895-VFOXH,train
0810-DHDBD,train
7030-FZTFM,train
1355-KUSBG,train
9231-ZJYAM,train
2672-HUYVI,train
7508-KBIMB,train
2181-TIDSV,train
9475-NNDGC,train
5176-LMJXE,train
5315-CKEQK,train
5449-FIBXJ,train
2697-NQBPF,train
2096-XOTMO,train
3791-LGQCY,train
5835-BEQEU,train
8010-EZLOU,train
9667-EQRXU,train
0064-SUDOG,train
3640-JQGJG,train
4676-MQUEA,train
3413-BMNZE,train
1658-XUHBX,train
6898-RBTLU,train
8544-JNBOX,train
7339-POGZN,train
4781-ZXYGU,train
6559-ILWKJ,train
9818-XQCUV,train
1029-QFBEN,train
2673-CXQEU,train
5913-INRQV,train
6479-VDGRK,train
8543-MSDMF,train
1450-GALXR,train
2007-QVGAW,train
4589-IUAJB,train
1452-VOQCH,train
1769-GRUIK,train
9987-LUTYD,train
8661-BOYNW,train
5196-WPYOW,train
3935-TBRZZ,train
5044-LRQAQ,train
5732-IKGQH,train
0348-SDKOL,train
8670-MEFCP,train
0301-KOBTQ,train
6692-YQHXC,train
4280-DLSHD,train
7319-VENRZ,train
0254-WWRKD,train
2607-DHDAK,train
2826-DXLQO,train
1930-BZLHI,train
0305-SQECB,train
2851-STERV,train
3999-WRNGR,train
5233-GEEAX,train
8945-MUQUF,train
2359-QWQUL,train
2897-DOVND,train
9134-CEQMF,train
4776-XSKYQ,train
2636-OHFMN,train
0973-KYVNF,train
1527-SXDPN,train
3764-MNMOI,train
7233-PAHHL,train
7285-KLOTR,train
5816-QVHRX,train
6685-XSHHU,train
7225-CBZPL,train
0774-IFUVM,train
1686-STUHN,train
8123-QBNAZ,train
6961-VCPMC,train
5993-BQHEA,train
5067-DGXLL,train
3678-MNGZX,train
4145-UQXUQ,train
4191-XOVOM,train
6103-QCKFX,train
0013-SMEOE,train
6907-CQGPN,train
2314-TNDJQ,train
3801-HMYNL,train
1371-OJCEK,train
7330-WZLNC,train
5268-DSMNQ,train
6797-UCJHZ,train
5167-GBFRE,train
3739-YBWAB,train
6048-NJXHX,train
2272-JKMSI,train
6917-IAYHD,train
2642-DTVCO,train
6242-FEGFD,train
5322-ZSMZY,train
8149-AIQCG,train
6480-YAGIY,train
0906-QVPMS,train
2905-KFQUV,train
4475-NVTLU,train
9046-JBFWA,train
7159-FVYPK,train
6211-WWLTF,train
1015-JPFYW,train
1689-MRZQR,train
0156-FVPTA,train
0137-OCGAB,train
9572-MTILT,train
5396-IZEPB,train
4501-VCPFK,train
3714-JTVOV,train
4664-NJCMS,train
6435-SRWBJ,train
6326-MTTXK,train
9793-WECQC,train
8966-KZXXA,train
2100-BDNSN,train
3777-XROBG,train
8313-NDOIA,train
2710-WYVXG,train
7426-RHZGU,train
4854-CIDCF,train
7017-VFHAY,train
4553-DVPZG,train
5016-ETTFF,train
4707-YNOQA,train
2077-DDHJK,train
7781-HVGMK,train
5839-SUYVZ,train
2782-JEEBU,train
8917-FAEMR,train
9330-IJWIO,train
9754-CLVZW,train
7168-HDQHG,train
4488-PSYCG,train
1866-RZZQS,train
6252-DFGTK,train
8559-WNQZS,train
1209-VFFOC,train
8058-INTPH,train
6217-TOWGS,train
7969-AULMZ,train
9224-VTYID,train
0533-UCAAU,train
7967-HYCDE,train
9591-YVTEB,train
7325-ENZFI,train
0019-GFNTW,train
0784-ZQJZX,train
8111-RKSPX,train
9174-FKWZE,train
3452-GWUIN,train
3128-YOVTD,train
5736-YEJAX,train
8069-RHUXK,train
6923-EFPNL,train
2080-GKCWQ,train
4909-JOUPP,train
5206-XZZQI,train
6124-ACRHJ,train
7706-YLMQA,train
7890-VYYWG,train
6261-LHRTG,train
6959-GQEGV,train
1171-TYKUR,train
2722-VOJQL,train
9938-EKRGF,train
1448-CYWKC,train
8215-NGSPE,train
1970-KKFWL,train
9518-RWHZL,train
2812-SFXMJ,train
3217-FZDMN,train
1086-LXKFY,train
5195-KPUNQ,train
7825-GKXMW,train
9938-ZREHM,train
8208-EUMTE,train
1964-SVLEA,train
9743-DQKQW,train
5937-EORGB,train
3865-QBWSJ,train
3813-DHBBB,train
3318-OSATS,train
4102-HLENU,train
6941-PMGEP,train
1867-TJHTS,train
8035-PWSEV,train
7416-CKTEP,train
3518-FSTWG,train
4432-ADRLB,train
9554-DFKIC,train
6198-ZFIOJ,train
3565-UNOCC,train
0617-AQNWT,train
1269-FOYWN,train
1661-CZBAU,train
1104-TNLZA,train
8106-GWQOK,train
4513-CXYIX,train
5896-NPFWW,train
1710-RCXUS,train
2789-HQBOU,train
2067-QYTCF,train
6794-HKIAJ,train
4529-CKBCL,train
4573-JKNAE,train
2862-PFNIK,train
4039-HEUNW,train
2519-TWKFS,train
1703-MGIAB,train
1285-OKIPP,train
2806-MLNTI,train
5480-XTFFL,train
9506-UXUSK,train
1474-JUWSM,train
7845-URHJN,train
4367-NHWMM,train
7921-LMDFQ,train
6734-JDTTV,train
9894-QMIMJ,train
5879-SESNB,train
6116-RFVHN,train
0362-RAOQO,train
4918-QLLIW,train
4989-LIXVT,train
8882-TLVRW,train
2642-MAWLJ,train
8189-DUKMV,train
8808-ELEHO,train
4692-NNQRU,train
4915-BFSXL,train
2873-ZLIWT,train
9661-JALZV,train
7868-BGSZA,train
4654-DLAMQ,train
9552-TGUZV,train
4549-ZDQYY,train
9445-ZUEQE,train
5520-FVEWJ,train
2791-SFVEW,train
7044-YAACC,train
1197-BVMVG,train
5980-BDHPY,train
6624-JDRDS,train
2262-SLNVK,train
6569-KTMDU,train
4080-IIARD,train
1732-VHUBQ,train
2034-CGRHZ,train
9178-JHUVJ,train
1240-HCBOH,train
8097-OMULG,train
3126-WQMGH,train
6997-UVGOX,train
8495-LJDFO,train
7633-MVPUY,train
7083-MIOPC,train
1157-BQCUW,train
6214-EDAKZ,train
2402-TAIRZ,train
1766-GKNMI,train
5906-CVLHP,train
1226-UDFZR,train
1173-NOEYG,train
7658-UYUQS,train
1635-FJFCC,train
4159-NAAIX,train
9800-ONTFE,train
0898-XCGTF,train
1345-ZUKID,train
8648-PFRMP,train
4163-NCJAK,train
0621-CXBKL,train
2888-ADFAO,train
7613-LLQFO,train
5982-XMDEX,train
3709-OIJEA,train
0224-NIJLP,train
3915-ODIYG,train
0564-MUUQK,train
8044-BGWPI,train
3345-JHUEO,train
5650-VDUDS,train
3283-WCWXT,train
1010-DIAUQ,train
3936-QQFLL,train
8766-PAFNE,train
1757-TCATG,train
2120-SMPEX,train
3552-CTCYF,train
8200-LGKSR,train
0487-RPVUM,train
3026-ATZYV,train
5564-NEMQO,train
0487-CRLZF,train
6619-RPLQZ,train
9258-CNWAC,train
9399-APLBT,train
9689-PTNPG,train
5404-GGUKR,train
1794-HBQTJ,train
0744-BIKKF,train
6267-DCFFZ,train
0440-EKDCF,train
5973-EJGDP,train
2929-ERCFZ,train
5934-RMPOV,train
6765-MBQNU,train
4043-MKDTV,train
3441-CGZJH,train
0781-LKXBR,train
7005-CYUIL,train
8879-ZKJOF,train
9903-LYSAB,train
7008-LZVOZ,train
1013-QCWAM,train
1389-CXMLU,train
3873-NFTGI,train
7691-KGKGP,train
4884-LEVMQ,train
4228-ZGYUW,train
6618-RYATB,train
8148-BPLZQ,train
5337-IIWKZ,train
6647-ZEDXT,train
4174-LPGTI,train
2105-PHWON,train
2927-QRRQV,train
3751-KTZEL,train
5295-PCJOO,train
5018-GWURO,train
7976-CICYS,train
7878-RTCZG,train
4349-GFQHK,train
7078-NVFAM,train
0334-GDDSO,train
5647-URDKA,train
0754-UKWQP,train
3727-JEZTU,train
5447-VYTKW,train
0177-PXBAT,train
4220-TINQT,train
3803-KMQFW,train
5536-SLHPM,train
6976-BWGLQ,train
0620-XEFWH,train
4395-PZMSN,train
5385-SUIRI,train
0771-CHWSK,train
4558-CGYCZ,train
2499-AJYUA,train
5091-HFAZW,train
9972-EWRJS,train
6867-ACCZI,train
8357-EQXFO,train
5261-QSHQM,train
1304-NECVQ,train
2569-WGERO,train
9518-XXBXE,train
6689-KXGBO,train
6345-ULYRW,train
2074-GUHPQ,train
0872-CASZJ,train
5922-ABDVO,train
5038-ETMLM,train
5018-HEKFO,train
2819-GWENI,train
2027-DNKIV,train
0637-UBJRP,train
4644-OBGFZ,train
1740-CSDJP,train
1216-BGTSP,train
4833-QTJNO,train
3197-NNYNB,train
8265-HKSOW,train
5156-UMKOW,train
7714-YXSMB,train
9481-WHGWY,train
5242-UOWHD,train
7657-DYEPJ,train
5115-SQAAU,train
3537-RYBHH,train
5846-ABOBJ,train
2466-NEJOJ,train
5981-ITEMU,train
5647-FXOTP,train
8740-CRYFY,train
2799-TSLAG,train
0940-OUQEC,train
1298-PHBTI,train
7781-EWARA,train
7018-FPXHH,train
2270-CHBFN,train
5747-PMBSQ,train
8791-GFXLZ,train
0895-DQHEW,train
5013-SBUIH,train
9359-JANWS,train
0621-HJWXJ,train
6174-NRBTZ,train
9564-KCLHR,train
3165-HDOEW,train
7253-UVNDW,train
5019-GQVCR,train
2616-UUTFK,train
7963-GQRMY,train
7632-MNYOY,train
9578-FOMUK,train
5883-GTGVD,train
7377-DMMRI,train
4942-VZZOM,train
1120-BMWUB,train
3714-XPXBW,train
6339-DKLMK,train
3315-IKYZQ,train
2215-ZAFGX,train
0520-FDVVT,train
7102-JJVTX,train
9415-TPKRV,train
0813-TAXXS,train
9189-JWSHV,train
4929-ROART,train
9880-TDQAC,train
9251-WNSOD,train
0557-ASKVU,train
3445-HXXGF,train
5161-UBZXI,train
9114-VEPUF,train
4282-MSACW,train
7813-ZGGAW,train
4023-RTIQM,train
9588-OZDMQ,train
2856-HYAPG,train
9845-PEEKO,train
5345-BMKWB,train
0562-KBDVM,train
9955-QOPOY,train
6963-KQYQB,train
4554-YGZIH,train
8519-QJGJD,train
9524-EGPJC,train
7950-XWOVN,train
7673-LPRNY,train
5405-ZMYXQ,train
4723-BEGSG,train
8263-OKETD,train
8329-GWVPJ,train
0853-NWIFK,train
3793-MMFUH,train
4351-QLCSU,train
8782-LKFPK,train
7463-IFMQU,train
7421-ZLUPA,train
8898-KASCD,train
0042-JVWOJ,train
2108-GLPQB,train
5843-TTHGI,train
0111-KLBQG,train
9571-EDEBV,train
0292-WEGCH,train
9625-RZFUK,train
3397-AVTKU,train
7621-VPNET,train
1535-VTJOQ,train
5443-SCMKX,train
3162-KKZXO,train
6303-KFWSL,train
9995-HOTOH,train
4902-OHLSK,train
4732-RRJZC,train
3720-DBRWL,train
0115-TFERT,train
3097-NQYSN,train
0129-QMPDR,train
4134-BSXLX,train
5902-WBLSE,train
9489-UTFKA,train
1976-CFOCS,train
3644-QXEHN,train
0336-PIKEI,train
8668-KNZTI,train
1928-BXYIV,train
3249-VHRIP,train
3873-WOSBC,train
4361-FEBGN,train
5198-HQAEN,train
7779-ORAEL,train
6319-QSUSR,train
8313-KTIHG,train
3243-ZHOHY,train
1237-WIYYZ,train
2876-VBBBL,train
7813-TKCVO,train
6352-GIGGQ,train
3580-HYCSP,train
1699-TLDLZ,train
5197-YPYBZ,train
3795-CAWEX,train
5955-EPOAZ,train
6300-BWMJX,train
3933-DQPWX,train
4958-XCBDQ,train
3638-DIMPH,train
6302-JGYRJ,train
3486-KHMLI,train
3389-YGYAI,train
2133-TSRRM,train
9347-AERRL,train
0468-YRPXN,train
5791-KAJFD,train
4795-WRNVT,train
3521-SYVOR,train
3545-CNWRG,train
9839-ETQOE,train
4194-WHFCB,train
6131-FOYAS,train
6625-UTXEW,train
7305-ZWMAJ,train
7010-BRBUU,train
4290-BSXUX,train
9412-GHEEC,train
6087-YPWHO,train
7799-DSEWS,train
4183-WCSEP,train
9170-GYZJC,train
4550-VBOFE,train
5110-CHOPY,train
7811-JIVPF,train
9052-VKDUW,train
2786-GCDPI,train
4000-VGMQP,train
1810-BOHSY,train
4482-FTFFX,train
6728-VOIFY,train
2754-VDLTR,train
3694-DELSO,train
4445-KWOKW,train
6463-HHXJR,train
3721-WKIIL,train
3584-WKTTW,train
6917-YACBP,train
7016-NVRIC,train
5414-OFQCB,train
5899-OUVKV,train
4283-IVYCI,train
6807-SIWJI,train
8614-VGMMV,train
6579-JPICP,train
4430-UZIPO,train
9732-OUYRN,train
1684-FLBGS,train
4140-WJAWW,train
8865-TNMNX,train
5549-ZGHFB,train
5334-JLAXU,train
4797-MIWUM,train
9029-FEGVJ,train
5146-CBVOE,train
8098-LLAZX,train
6147-CBCRA,train
9761-XUJWD,train
3771-PZOBW,train
8821-KVZKQ,train
7938-OUHIO,train
7826-VVKWT,train
8229-TNIQA,train
9560-ARGQJ,train
6088-BXMRG,train
3301-LSLWQ,train
7760-OYPDY,train
9650-VBUOG,train
2882-WDTBA,train
1017-FBQMM,train
3797-FKOGQ,train
9526-BIHHD,train
0993-OSGPT,train
5956-VKDTT,train
4097-YODCF,train
1009-IRMNA,train
7395-IGJOS,train
6050-FFXES,train
6380-ARCEH,train
7727-SHVZV,train
0365-BZUWY,train
5320-BRKGK,train
6353-BRMMA,train
3336-JORSO,train
1557-EMYVT,train
0378-XSZPU,train
8042-RNLKO,train
0526-SXDJP,train
8961-QDZZJ,train
6519-CFDBX,train
0454-OKRCT,train
3417-TSCIC,train
7538-GWHML,train
5837-LXSDN,train
1193-RTSLK,train
2921-XWDJH,train
0661-KQHNK,train
5669-SRAIP,train
8148-WOCMK,train
1568-LJSZU,train
6103-LIANB,train
4625-XMOYM,train
3319-DWOEP,train
3146-JTQHR,train
7094-MSZAO,train
0670-KDOMA,train
5150-LJNSR,train
4295-YURET,train
4393-OBCRR,train
3981-QSVQI,train
2239-JALAW,train
9479-HYNYL,train
2933-XEUJM,train
2292-XQWSV,train
3727-RJMEO,train
2303-PJYHN,train
1028-FFNJK,train
2683-JXWQQ,train
7161-DFHUF,train
5542-NKVRU,train
1725-MIMXW,train
5248-RPYWW,train
4195-PNGZS,train
5392-AKEMH,train
8597-CTXVJ,train
8242-PDSGJ,train
5150-ITWWB,train
0623-EJQEG,train
6599-RCLCJ,train
0274-JKUJR,train
2107-FBPTK,train
4612-SSVHJ,train
9031-ZVQPT,train
6402-SSEJG,train
8174-TBVCF,train
5232-NXPAY,train
6837-HAEVO,train
2186-QZEYA,train
6855-VLGOS,train
9847-HNVGP,train
8350-NYMVI,train
5774-XZTQC,train
7244-QWYHG,train
1696-HXOWK,train
6322-PJJDJ,train
1142-IHLOO,train
6741-QRLUP,train
4694-PHWFW,train
7140-ADSMJ,train
3253-HKOKL,train
4074-SJFFA,train
4587-NUKOX,train
7439-DKZTW,train
7036-ZZKBD,train
0236-HFWSV,train
4881-JVQOD,train
1779-PWPMG,train
8456-QDAVC,train
2933-FILNV,train
2952-QAYZF,train
2228-BZDEE,train
3797-VTIDR,train
9489-JMTTN,train
3785-KTYSH,train
1045-LTCYT,train
2322-VCZHZ,train
4343-EJVQB,train
6551-VLJMV,train
1241-EZFMJ,train
3572-UUHRS,train
6736-DHUQI,train
5724-BIDBU,train
0988-AADSA,train
3685-YLCMQ,train
3389-KTRXV,train
0129-KPTWJ,train
1518-VOWAV,train
6682-VCIXC,train
6715-OFDBP,train
2519-LBNQL,train
5043-TRZWM,train
9065-ZCPQX,train
4821-SJHJV,train
2863-IMQDR,train
2789-CZANW,train
3131-NWVFJ,train
0928-XUTSN,train
3452-FLHYD,train
3776-EKTKM,train
2831-EBWRN,train
6961-MJKBO,train
5707-ZMDJP,train
0564-JJHGS,train
1679-JRFBR,train
8634-MPHTR,train
6339-YPSAH,train
0505-SPOOW,train
7291-CDTMJ,train
5219-YIPTK,train
3457-PQBYH,train
4472-LVYGI,train
9210-IAHGH,train
5231-FIQPA,train
7137-NAXML,train
5756-OZRIO,train
2717-HVIZY,train
5180-UCIIQ,train
6771-XWBDM,train
1122-JWTJW,train
4450-MDZFX,train
4531-AUZNK,train
4701-LKOZD,train
7577-SWIFR,train
6609-MXJHJ,train
1624-NALOJ,train
0587-DMGBH,train
5027-XWQHA,train
8859-AXJZP,train
6994-ORCWG,train
3214-IYUUQ,train
1352-HNSAW,train
1371-WEPDS,train
9734-YWGEX,train
6810-VCAEX,train
4654-GGUII,train
1833-VGRUM,train
3190-ITQXP,train
4086-YQSNZ,train
4285-GYRQC,train
3275-RHRNE,train
7297-DVYGA,train
4132-KALRO,train
6559-PDZLR,train
7483-IQWIB,train
8180-AKMJV,train
3049-NDXFL,train
5451-MHQOF,train
8884-FEEWR,train
5287-QWLKY,train
7872-RDDLZ,train
4418-LZMSV,train
2361-FJWNO,train
6185-TASNN,train
2253-KPMNB,train
1428-GTBJJ,train
8006-PYCSW,train
1755-RMCXH,train
4238-JSSWH,train
2378-YIZKA,train
8205-VSLRB,train
0946-FKYTX,train
9121-PHQSR,train
4671-LXRDQ,train
4795-KTRTH,train
2632-IVXVF,train
6646-VRFOL,train
2267-FPIMA,train
8434-VGEQQ,train
1456-TWCGB,train
2957-LOLHO,train
6996-KNSML,train
5393-HJZSM,train
8644-XYTSV,train
3748-FVMZZ,train
9415-ZNBSX,train
7025-WCBNE,train
8226-BXGES,train
1098-TDVUQ,train
2082-OJVTK,train
9681-OXGVC,train
1791-PQHBB,train
2462-XIIJB,train
8372-JUXUI,train
7629-WFGLW,train
6352-TWCAU,train
7549-MYGPK,train
6478-HRRCZ,train
2599-CIPQE,train
8975-SKGRX,train
9103-CXVOK,train
4628-WQCQQ,train
0384-RVBPI,train
0727-IWKVK,train
9509-MPYOD,train
4114-QMKVN,train
4760-XOHVN,train
6656-GULJQ,train
9919-YLNNG,train
2999-AANRQ,train
8752-IMQOS,train
8019-ENHXU,train
3079-BCHLN,train
0506-YLVKJ,train
5130-YPIRV,train
7661-CPURM,train
0311-UNPFF,train
1428-IEDPR,train
6368-TZZDT,train
5135-RDDQL,train
7966-YOTQW,train
1345-GKDZZ,train
0324-BRPCJ,train
8097-VBQTZ,train
7142-HVGBG,train
7929-DMBCV,train
3099-OONVS,train
4462-CYWMH,train
1469-LBJQJ,train
9185-TQCVP,train
5616-PRTNT,train
0771-WLCLA,train
7551-DACSP,train
4994-OBRSZ,train
0967-BMLBD,train
0928-JMXNP,train
4811-JBUVU,train
8242-JSVBO,train
9127-QRZMH,train
4878-BUNFV,train
0329-GTIAJ,train
9135-MGVPY,train
5857-TYBCJ,train
2141-RRYGO,train
3948-XHGNA,train
7977-HXJKU,train
0027-KWYKW,train
2969-QWUBZ,train
4291-SHSBH,train
0206-OYVOC,train
7905-NJMXS,train
6177-PEVRA,train
9574-RKJIF,train
9084-OAYKL,train
8267-KFGYD,train
3778-FOAQW,train
6985-HAYWX,train
0902-XKXPN,train
7450-NWRTR,train
8224-UAXBZ,train
8963-MQVYN,train
2521-NPUZR,train
8612-GXIDD,train
0754-EEBDC,train
7123-WQUHX,train
6923-JHPMP,train
2581-VKIRT,train
3154-CFSZG,train
8220-OCUFY,train
1095-JUDTC,train
6637-KYRCV,train
5376-PCKNB,train
7605-SNLQG,train
1116-FRYVH,train
3629-ZNKXA,train
4011-ARPHK,train
7446-KQISO,train
3716-UVSPD,train
4391-LNRXK,train
1047-NNCBF,train
5215-LNLDJ,train
6888-SBYAI,train
4104-PVRPS,train
5220-AGAAX,train
8875-AKBYH,train
7089-XXAYG,train
6211-WHMYA,train
3254-YRILK,train
6286-ZHAOK,train
0080-OROZO,train
0266-GMEAO,train
8597-CWYHH,train
9391-LMANN,train
9651-GTSAQ,train
6578-KRMAW,train
0825-CPPQH,train
8859-DZTGQ,train
3675-YDUPJ,train
6509-TSGWN,train
1410-RSCMR,train
3164-YAXFY,train
0932-YIXYU,train
0018-NYROU,train
9961-JBNMK,train
7101-HRBLJ,train
7601-GNDYK,train
3269-ATYWD,train
2974-GGUXS,train
3211-AAPKX,train
7137-RYLPP,train
4710-FDUIZ,train
3957-LXOLK,train
6202-JVYEU,train
9742-XOKTS,train
5858-EAFCZ,train
7248-VZQLC,train
4277-PVRAN,train
7299-GNVPL,train
3066-RRJIO,train
9314-IJWSQ,train
5651-WYIPH,train
0220-EBGCE,train
7459-RRWQZ,train
7190-XHTWJ,train
7402-EYFXX,train
1977-STDKI,train
3399-BMLVW,train
9494-MRNYX,train
3496-LFSZU,train
0060-FUALY,train
7905-TVXTA,train
2637-FKFSY,train
5995-OIGLP,train
8237-ULIXL,train
8104-OSKWT,train
8063-GBATB,train
2266-SJNAT,train
6954-OOYZZ,train
3230-IUALN,train
8486-AYEQH,train
0380-ZCSBI,train
1062-LHZOD,train
0637-KVDLV,train
9711-FJTBX,train
0218-QNVAS,train
7319-ZNRTR,train
1093-YSWCA,train
9944-HKVVB,train
2302-OUZXB,train
1043-UXOVO,train
8779-QRDMV,train
4925-LMHOK,train
8429-XIBUM,train
3943-KDREE,train
8868-GAGIO,train
4990-ALDGW,train
3941-XTSKM,train
2275-RBYQS,train
1704-NRWYE,train
0516-QREYC,train
8642-GVWRF,train
5871-DGTXZ,train
7079-QRCBC,train
8205-MQUGY,train
2657-VPXTA,train
0366-NQSHS,train
9057-MSWCO,train
3195-TQDZX,train
7627-JKIAZ,train
5118-MUEYH,train
9398-MMQTO,train
9411-TPQQV,train
3049-SOLAY,train
5760-IFJOZ,train
7771-CFQRQ,train
5649-VUKMC,train
5397-NSKQG,train
1178-PZGAB,train
1098-KFQEC,train
6994-FGRHH,train
0104-PPXDV,train
6394-MFYNG,train
5948-UJZLF,train
9763-GRSKD,train
0621-JFHOL,train
2669-OIDSD,train
6860-YRJZP,train
5622-UEJFI,train
4115-UMJFQ,train
8063-RJYNF,train
1156-ZFYDO,train
9239-ZBZZV,train
3460-TJBWI,train
4568-TTZRT,train
3323-CPBWR,train
2900-PHPLN,train
1934-SJVJK,train
7128-GGCNO,train
9565-AXSMR,train
7684-XSZIY,train
5840-NVDCG,train
2845-KDHVX,train
5707-ORNDZ,train
9548-ZMVTX,train
5125-CNDSP,train
0325-XBFAC,train
5458-CQJTA,train
9581-GVBXT,train
3404-JNXAX,train
6505-OZNPG,train
0602-DDUML,train
6199-IWKGC,train
8645-KWHJO,train
5567-WSELE,train
2393-DIVAI,train
2150-WLKUW,train
6538-POCHL,train
4299-SIMNS,train
6365-MTGZX,train
4452-ROHMO,train
4367-NUYAO,train
8617-ENBDS,train
5277-ZLOOR,train
7047-YXDMZ,train
6218-KNUBD,train
9940-HPQPG,train
1763-WQFUK,train
8043-PNYSD,train
9447-YPTBX,train
6067-NGCEU,train
6896-SRVYQ,train
0224-HJAPT,train
1383-EZRWL,train
7593-XFKDI,train
7270-BDIOA,train
5311-IHLEI,train
5605-XNWEN,train
6447-GORXK,train
4576-CSAJH,train
9139-TWBAS,train
0397-GZBBC,train
6522-YRBXD,train
7272-QDCKA,train
5149-TGWDZ,train
6507-DTJZV,train
7730-CLDSV,train
3090-HAWSU,train
8580-AECUZ,train
3177-LASXD,train
8474-UMLNT,train
7923-IYJWY,train
8550-XSXUQ,train
2080-CAZNM,train
6169-PGNCD,train
8950-MTZNV,train
2207-OBZNX,train
6082-OQFBA,train
2348-KCJLT,train
2408-TZMJL,train
5206-HPJKM,train
3205-MXZRA,train
4682-BLBUC,train
1621-YNCJH,train
4847-QNOKA,train
5882-CMAZQ,train
7164-BPTUT,train
5115-GZDEL,train
0356-ERHVT,train
0319-QZTCO,train
4824-GUCBY,train
8164-OCKUJ,train
2830-LEWOA,train
8406-LNMHF,train
0596-BQCEQ,train
2439-QKJUL,train
2740-TVLFN,train
8224-DWCKX,train
5088-QZLRL,train
0635-WKOLD,train
4879-GZLFH,train
0042-RLHYP,train
5673-FSSMF,train
2371-KFUOG,train
8879-XUAHX,train
6248-TKCQV,train
1248-DYXUB,train
6791-YBNAK,train
4291-TPNFG,train
4188-PCPIG,train
8224-IVVPA,train
5729-KLZAR,train
7980-MHFLQ,train
9027-YFHQJ,train
4906-ZHGPK,train
1394-SUIUH,train
3096-JRDSO,train
7601-WFVZV,train
3376-BMGFE,train
6595-COKXZ,train
8185-UPYBR,train
6728-DKUCO,train
5515-AKOAJ,train
2475-MROZF,train
8679-JOEVF,train
2360-RDGRO,train
3714-NTNFO,train
0516-WJVXC,train
0617-FHSGK,train
6145-NNPNO,train
0730-BGQGF,train
0623-GDISB,train
8469-SNFFH,train
4254-QPEDE,train
1020-JPQOW,train
4801-JZAZL,train
3551-HUAZH,train
4177-JPDFU,train
3668-QPYBK,train
2931-XIQBR,train
9253-QXKBE,train
3638-VBZTA,train
7854-EDSSA,train
1784-EZDKJ,train
2925-MXLSX,train
6906-MPARY,train
6196-HBOBZ,train
8395-ETZKQ,train
5424-RLQLC,train
0093-XWZFY,train
5766-XQXMQ,train
4451-RWASJ,train
9558-IHEZX,train
9851-QXEEQ,train
4662-EKDPQ,train
1121-QSIVB,train
0867-LDTTC,train
1518-OMDIK,train
1406-PUQVY,train
6986-IXNDM,train
0519-DRGTI,train
7341-LXCAF,train
3999-QGRJH,train
2626-VEEWG,train
4077-HWUYD,train
8485-GJCDN,train
7136-IHZJA,train
1599-EAHXY,train
6128-DAFVY,train
5593-SUAOO,train
7169-YWAMK,train
1680-VDCWW,train
9746-YKGXB,train
4815-GBTCD,train
1984-FCOWB,train
4910-GMJOT,train
3279-DYZQM,train
8515-OCTJS,train
8329-IBCTI,train
8992-VONJD,train
2927-CVULT,train
9442-JTWDL,train
2876-GZYZC,train
6674-KVJHG,train
1934-MKPXS,train
7643-RCHXS,train
4860-IJUDE,train
7382-DFJTU,train
1771-OADNZ,train
2834-JRTUA,train
7410-OIEDU,train
3211-ILJTT,train
4176-RELJR,train
5649-ANRML,train
1840-BIUOG,train
9753-OYLBX,train
8623-TMRBY,train
3572-UOLYZ,train
3059-NGMXB,train
6979-TNDEU,train
6680-NENYN,train
1472-TNCWL,train
9053-JZFKV,train
3733-ZEECP,train
5208-HFSBT,train
0118-JPNOY,train
4522-XRWWI,train
4583-PARNH,train
2823-LKABH,train
3085-QUOZK,train
9593-CVZKR,train
3523-BRGUW,train
9522-BNTHX,train
4429-WYGFR,train
1025-FALIX,train
6982-UQZLY,train
7016-BPGEU,train
8687-BAFGU,train
2123-AGEEN,train
1195-OIYEJ,train
8167-GJLRN,train
6702-OHFWR,train
6212-ATMLK,train
3785-NRHYR,train
6278-FEPBZ,train
5552-ZNFSJ,train
6772-KSATR,train
9154-QDGTH,train
0848-SOMKO,train
3996-ZNWYK,train
0943-ZQPXH,train
0031-PVLZI,train
3027-ZTDHO,train
8149-RSOUN,train
7361-YPXFS,train
3014-WJKSM,train
9603-OAIHC,train
2408-WITXK,train
7963-SHNDT,train
4503-BDXBD,train
1627-AFWVJ,train
8738-JOKAR,train
2929-QNSRW,train
8069-YQQAJ,train
0439-IFYUN,train
1755-FZQEC,train
7274-CGTOD,train
6728-WYQBC,train
8651-ENBZX,train
1384-RCUXW,train
6260-ONULR,train
9778-OGKQZ,train
2282-YGNOR,train
1272-ILHFG,train
1297-VQDRP,train
3440-JPSCL,train
1845-CSBRZ,train
2192-OZITF,train
4718-WXBGI,train
2773-OVBPK,train
1960-UYCNN,train
7740-KKCXF,train
8639-NHQEI,train
2740-JFBOK,train
5847-MXBEO,train
1925-GMVBW,train
5419-JKZNQ,train
6693-FRIRW,train
0224-RLWWD,train
7029-IJEJK,train
4957-SREEC,train
4625-EWPTF,train
6901-GOGZG,train
1818-ESQMW,train
8922-NPKBJ,train
0595-ITUDF,train
0485-ZBSLN,train
7394-LWLYN,train
8756-RDDLT,train
0907-HQNTS,train
7693-QPEFS,train
3500-NSDOA,train
8966-SNIZF,train
2969-VAPYH,train
1785-BPHTP,train
3737-XBQDD,train
4741-WWJQZ,train
1032-MAELW,train
3259-QMXUN,train
4307-KWMXE,train
0023-HGHWL,train
0260-ZDLGK,train
5799-JRCZO,train
2351-RRBUE,train
5243-SAOTC,train
7799-LGRDP,train
6646-JPPHA,train
5562-BETPV,train
2013-SGDXK,train
7268-WNTCP,train
7820-ZYGNY,train
3347-YJZZE,train
5294-DMSFH,train
6243-OZGFH,train
3130-ICDUP,train
6496-JDSSB,train
1142-WACZW,train
5553-AOINX,train
8374-XGEJJ,train
2775-SEFEE,train
3982-DQLUS,train
8133-ANHHJ,train
6331-EWIEB,train
9885-AIBVB,train
2397-BRLOM,train
2904-GGUAZ,train
7941-RCJOW,train
9547-ITEFG,train
1583-IHQZE,train
2639-UGMAZ,train
1089-XZWHH,train
1080-BWSYE,train
4659-NZRUF,train
4057-FKCZK,train
6576-FBXOJ,train
9696-RMYBA,train
6897-RWMUB,train
8707-RMEZH,train
6655-LHBYW,train
6813-GZQCG,train
4182-BGSIQ,train
3104-OWCGK,train
6298-QDFNH,train
2373-NTKOD,train
8118-LSUEL,train
9194-GFVOI,train
1571-SAVHK,train
8544-GOQSH,train
8690-ZVLCL,train
1219-NNDDO,train
6161-UUUTA,train
3692-JHONH,train
0585-EGDDA,train
5440-FLBQG,train
5183-SNMJQ,train
0278-YXOOG,train
5310-NOOVA,train
4060-LDNLU,train
0394-YONDK,train
4236-XPXAV,train
0112-QAWRZ,train
4883-KCPZJ,train
1078-TDCRN,train
4680-KUTAJ,train
4986-MXSFP,train
3536-IQCTX,train
2982-VPSGI,train
8048-DSDFQ,train
5522-JBWMO,train
4404-HIBDJ,train
0739-UUAJR,train
9788-HNGUT,train
9993-LHIEB,train
4911-BANWH,train
3627-FCRDW,train
0402-CQAJN,train
0829-XXPLX,train
1325-USMEC,train
2137-DQMEV,train
9681-KYGYB,train
8819-WFGGJ,train
7026-YMSBE,train
5203-XEHAX,train
8337-UPOAQ,train
0547-HURJB,train
0471-LVHGK,train
5666-CYCYZ,train
4550-EVXNY,train
6518-KZXCB,train
9200-NLNPD,train
9124-LHCJQ,train
4232-JGKIY,train
3865-YIOTT,train
6870-ZWMNX,train
5915-ANOEI,train
3569-VLDHH,train
3164-AALRN,train
4020-KIUDI,train
3669-LVWZB,train
1915-IOFGU,train
2889-FPWRM,train
8109-YUOHE,train
5624-BQSSA,train
6885-PKOAM,train
1334-PDUKM,train
2982-IHMFT,train
9777-WJJPR,train
7426-GSWPO,train
9541-PWTWO,train
7994-XIRTR,train
3198-VELRD,train
0098-BOWSO,train
6458-CYIDZ,train
5003-XZWWO,train
5960-WPXQM,train
9626-WEQRM,train
0003-MKNFE,train
1053-MXTTK,train
6691-CCIHA,train
0562-HKHML,train
8708-XPXHZ,train
7321-VGNKU,train
9488-HGMJH,train
5183-KLYEM,train
7240-ETPTR,train
4566-GOLUK,train
8144-DGHXP,train
0114-PEGZZ,train
1356-MKYSK,train
3621-CHYVB,train
4378-BZYFP,train
1099-GODLO,train
6217-KDYWC,train
3744-ZRRDZ,train
2460-FPSYH,train
4742-DRORA,train
2372-HWUHI,train
6410-LEFEN,train
1323-OOEPC,train
5119-KEPFY,train
5168-MQQCA,train
0929-HYQEW,train
3807-XHCJH,train
8023-QHAIO,train
9494-BDNNC,train
2883-ILGWO,train
2957-JIRMN,train
2519-FAKOD,train
8624-GIOUT,train
3106-ULWFW,train
9786-YWNHU,train
3005-TYFRD,train
5153-LXKDT,train
6419-ZTTLE,train
4973-MGTON,train
6139-ZZRBQ,train
4465-VDKIQ,train
3462-BJQQA,train
6235-VDHOM,train
4193-ORFCL,train
8659-IOOPU,train
6993-OHLXR,train
2085-BOJKI,train
4282-ACRXS,train
2749-CTKAJ,train
2320-YKQBO,train
6253-GNHWH,train
5712-AHQNN,train
4987-GQWPO,train
4633-MKHYU,train
7508-MYBOG,train
2234-EOFPT,train
8751-EDEKA,train
4816-LXZYW,train
3938-YFPXD,train
1228-FZFRV,train
3256-EZDBI,train
9514-JDSKI,train
4952-YSOGZ,train
8095-WANWK,train
4767-HZZHQ,train
1247-QBVSH,train
1658-BYGOY,train
1998-VHJHK,train
0875-CABNR,train
9365-SRSZE,train
2153-MREFK,train
0231-LXVAP,train
9732-EQMWY,train
3845-FXCYS,train
2240-HSJQD,train
2207-NHRJK,train
1374-DMZUI,train
6400-BWQKW,train
5802-ADBRC,train
4854-SSLTN,train
7841-TZDMQ,train
2195-ZRVAX,train
2056-EVGZL,train
5730-RIITO,train
0820-FNRNX,train
8062-YBDOE,train
0011-IGKFF,train
7569-NMZYQ,train
0347-UBKUZ,train
6754-WKSHP,train
2436-QBZFP,train
9432-RUVSL,train
2799-ARNLO,train
1635-HDGFT,train
3482-ABPKK,train
7054-DMVAS,train
3509-GWQGF,train
5986-WWXDV,train
6506-EYCNH,train
0650-BWOZN,train
7422-WNBTY,train
7156-MXBJE,train
8722-PRFDV,train
1963-SVUCV,train
8868-WOZGU,train
3370-HXOPH,train
3796-ENZGF,train
8775-CEBBJ,train
1135-HIORI,train
5944-UGLLK,train
5529-GIBVH,train
7217-JYHOQ,train
5515-IDEJJ,train
6141-OOXUQ,train
7065-YUNRY,train
8685-WHQPW,train
7774-OJSXI,train
7560-QRBXH,train
0654-PQKDW,train
4439-JMPMT,train
1360-RCYRT,train
9644-KVCNC,train
2908-WGAXL,train
0772-GYEQQ,train
7644-OMVMY,train
6143-JQKEA,train
8387-MOJJT,train
9600-NAXZN,train
6907-FLBER,train
4895-TMWIR,train
8207-DMRVL,train
4194-FJARJ,train
5095-ETBRJ,train
0843-WTBXE,train
2476-YGEFM,train
9068-FHQHD,train
6015-VVHHE,train
4566-NECEV,train
0565-JUPYD,train
8695-WDYEA,train
6308-CQRBU,train
3594-BDSOA,train
6490-FGZAT,train
9692-TUSXH,test
2005-DWQZJ,test
6683-VLCTZ,test
5495-GPSRW,test
1106-HRLKZ,test
8024-XNAFQ,test
1023-BQXZE,test
4903-UYAVB,test
2223-KAGMX,test
7729-XBTWX,test
0516-UXRMT,test
4983-CCWMC,test
0733-VUNUW,test
0233-FTHAV,test
9048-JVYVF,test
3858-VOBET,test
5334-AFQJB,test
8780-RSYYU,test
5889-JTMUL,test
5893-KCLGT,test
7816-VGHTO,test
0404-SWRVG,test
4464-JCOLN,test
9351-HXDMR,test
5302-BDJNT,test
2632-TACXW,test
0625-AFOHS,test
4884-ZTHVF,test
8086-OVPWV,test
0748-RDGGM,test
2272-WUSPA,test
0056-EPFBG,test
6317-YPKDH,test
1925-LFCZZ,test
6075-QMNRR,test
1845-ZLLIG,test
2773-MADBQ,test
9274-UARKJ,test
3923-CSIHK,test
9717-IOAAF,test
7013-PSXHK,test
6080-LNESI,test
0870-VEMYL,test
6372-RFVNS,test
8003-EWNDZ,test
9979-RGMZT,test
1226-IENZN,test
3757-NJYBX,test
6486-LHTMA,test
6893-ODYYE,test
2878-DHMIN,test
2673-ZALNP,test
1100-DDVRV,test
0422-UXFAP,test
8361-LTMKD,test
7892-QVYKW,test
8621-MNIHH,test
8587-XYZSF,test
6418-HNFED,test
9108-EQPNQ,test
3027-YNWZU,test
4927-WWOOZ,test
8711-LOBKY,test
6048-QBXKL,test
3392-EHMNK,test
0707-HOVVN,test
7205-BAIAD,test
5213-TWWJU,test
2055-PDADH,test
7748-UMTRK,test
9278-VZKCD,test
4737-HOBAX,test
1622-HSHSF,test
7560-QJAVJ,test
3812-LRZIR,test
9822-BIIGN,test
3422-WJOYD,test
6034-YMTOB,test
1335-MXCSE,test
6258-PVZWJ,test
9838-BFCQT,test
2257-BOVXD,test
9330-DHBFL,test
4627-MIHJH,test
0463-WZZKO,test
1179-INLAT,test
5353-WILCI,test
5845-BZZIB,test
9357-UJRUN,test
4742-TXUEX,test
6845-RGTYS,test
7636-PEPNS,test
5766-ZJYBB,test
4024-CSNBY,test
2159-TURXX,test
8840-DQLGN,test
6497-TILVL,test
9117-SHLZX,test
4412-YLTKF,test
9840-DVNDC,test
4830-FAXFM,test
1555-HAPSU,test
2649-HWLYB,test
8566-YPRGL,test
1820-TQVEV,test
8707-HOEDG,test
1261-FWTTE,test
9722-UJOJR,test
2926-JEJJC,test
8573-JGCZW,test
7426-WEIJX,test
0463-ZSDNT,test
3374-LXDEV,test
5338-YHWYT,test
1482-OXZSY,test
3190-XFANI,test
1955-IBMMB,test
6627-CFOSN,test
1401-FTHFQ,test
8457-XIGKN,test
6685-GBWJZ,test
3587-PMCOY,test
9866-QEVEE,test
8749-CLJXC,test
0328-GRPMV,test
7623-TRNQN,test
7216-KAOID,test
3148-BLQJT,test
4712-AUQZO,test
5868-YTYKS,test
1136-XGEQU,test
5519-TEEUH,test
8231-BSWXX,test
5759-RCVCB,test
5524-KHNJP,test
8714-EUHJO,test
8008-HAWED,test
3334-CTHOL,test
9444-JTXHZ,test
9950-MTGYX,test
1400-MMYXY,test
9758-MFWGD,test
0147-ESWWR,test
6891-JPYFF,test
0013-MHZWF,test
6234-RAAPL,test
2227-JRSJX,test
5081-NWSUP,test
4072-IPYLT,test
5816-SCGFC,test
7209-JCUDS,test
2057-ZBLPD,test
4360-PNRQB,test
5696-CEIQJ,test
0058-EVZWM,test
2439-LYPMQ,test
6481-ESCNL,test
8718-PTMEZ,test
2606-RMDHZ,test
9518-IMLHK,test
4667-OHGKG,test
9648-BCHKM,test
1200-TUZHR,test
9279-CJEOJ,test
1319-YLZJG,test
6711-VTNRE,test
0719-SYFRB,test
3472-OAOOR,test
7488-MXJIV,test
2911-IJORQ,test
4570-QHXHL,test
4623-ZKHLY,test
8671-KKKOS,test
4829-AUOAX,test
8033-VCZGH,test
4558-FANTW,test
6857-TKDJV,test
1716-LSAMB,test
8853-TZDGH,test
3866-MDTUB,test
5917-RYRMG,test
9365-CSLBQ,test
1862-SKORY,test
5318-YKDPV,test
2853-CWQFQ,test
2501-XWWTZ,test
8988-ECPJR,test
3957-SQXML,test
8780-IXSTS,test
8000-REIQB,test
4335-UPJSI,test
5167-ZFFMM,test
6077-BDPXA,test
9611-CTWIH,test
5692-FPTAH,test
3638-WEABW,test
6158-HDPXZ,test
2862-JVEOY,test
1024-GUALD,test
7395-XWZOY,test
2320-TZRRH,test
7586-ZATGZ,test
8083-YTZES,test
3836-FZSDJ,test
2480-SQIOB,test
0679-IDSTG,test
2027-FECZV,test
9972-NKTFD,test
3926-YZVVX,test
8107-KNCIM,test
8976-OQHGT,test
2220-IAHLS,test
0230-UBYPQ,test
9720-JJJOR,test
7572-KPVKK,test
1697-LYYYX,test
1536-YHDOE,test
9888-ZCUMM,test
6899-PPEEA,test
3120-FAZKD,test
1169-WCVAK,test
5236-XMZJY,test
6461-PPAXN,test
2419-FSORS,test
7762-ONLJY,test
7817-OMJNA,test
9824-QCJPK,test
1929-ZCBHE,test
0310-VQXAM,test
3717-FDJFU,test
2386-LAHRK,test
4700-UBQMV,test
9763-PDTKK,test
0742-LAFQK,test
0524-IAVZO,test
7129-ACFOG,test
6680-WKXRZ,test
1442-BQPVU,test
4002-BQWPQ,test
1550-EENBN,test
1574-DYCWE,test
0310-MVLET,test
1206-EHBDD,test
8132-YPVBX,test
0504-HHAPI,test
3097-IDVPU,test
4560-WQAQW,test
7410-KTVFV,test
9054-FOWNV,test
0742-MOABM,test
5630-AHZIL,test
5578-NKCXI,test
5760-FXFVO,test
6128-AQBMT,test
9780-FKVVF,test
1227-UDMZR,test
8701-DGLVH,test
2758-RNWXS,test
8780-IHCRN,test
5753-QQWPW,test
0301-FIDRB,test
2250-IVBWA,test
2346-LOCWC,test
3340-QBBFM,test
5930-GBIWP,test
9548-LERKT,test
6328-ZPBGN,test
4581-LNWUM,test
5934-TSSAU,test
7677-SJJJK,test
7814-LEEVE,test
3887-PBQAO,test
4547-FZJWE,test
7018-WBJNK,test
0899-LIIBW,test
5440-VHLUL,test
7495-OOKFY,test
4237-RLAQD,test
7501-VTYLJ,test
1322-AGOQM,test
9968-FFVVH,test
9143-CANJF,test
3363-DTIVD,test
8623-ULFNQ,test
9139-WQQDY,test
8433-WPJTV,test
0440-UEDAI,test
4067-HLYQI,test
6857-VWJDT,test
9112-WSNPU,test
2266-FUBDZ,test
7167-PCEYD,test
1302-UHBDD,test
0654-HMSHN,test
7789-CRUVC,test
2608-BHKFN,test
7795-CFOCW,test
1320-REHCS,test
7503-EPSZW,test
4468-YDOVK,test
5438-QMDDL,test
8414-MYSHR,test
5129-JLPIS,test
7808-DVWEP,test
7663-RGWBC,test
6568-POCUI,test
5893-PYOLZ,test
4013-GUXND,test
0017-IUDMW,test
9537-JALFH,test
9867-XOBQA,test
7054-LGEQW,test
2162-FRZAA,test
7321-ZNSLA,test
6946-LMSQS,test
5196-SGOAK,test
0628-CNQRM,test
5568-DMXZS,test
0322-CHQRU,test
1049-FYSYG,test
8347-GDTMP,test
2541-YGPKE,test
2208-MPXIO,test
2452-KDRRH,test
0307-BCOPK,test
1541-ETJZO,test
5609-CEBID,test
2207-RYYRL,test
5480-HPRRX,test
1475-VWVDO,test
5122-CYFXA,test
8204-YJCLA,test
0201-MIBOL,test
2202-CUYXZ,test
1360-JYXKQ,test
0363-QJVFX,test
4359-INNWN,test
7722-CVFXN,test
2075-PUEPR,test
6304-IJFSQ,test
0599-XNYDO,test
7881-EVUAD,test
9033-EOXWV,test
0123-CRBRT,test
7277-OZCGZ,test
6134-KWTBV,test
4631-OACRM,test
4701-AHWMW,test
9122-UMROB,test
0732-OCQOC,test
9040-KZVWO,test
9367-OIUXP,test
7180-PISOG,test
7666-WKRON,test
9327-QSDED,test
8213-TAZPM,test
3878-AVSOQ,test
0074-HDKDG,test
3062-ICYZQ,test
5366-OBVMR,test
5751-USDBL,test
5240-CAOYT,test
7998-WNZEM,test
2533-QVMSK,test
9334-GWGOW,test
9110-HSGTV,test
1493-AMTIE,test
2368-GAKKQ,test
4947-DSMXK,test
5018-LXQQG,test
5485-ITNPC,test
6060-QBMGV,test
3973-SKMLN,test
9313-QOLTZ,test
4521-WFJAI,test
2378-HTWFW,test
0730-KOAVE,test
9777-IQHWP,test
1927-QEWMY,test
0685-MLYYM,test
8818-DOPVL,test
2430-RRYUW,test
4054-CUMIA,test
0019-EFAEP,test
6283-GITPX,test
6542-LWGXJ,test
6776-TLWOI,test
2985-FMWYF,test
1471-GIQKQ,test
9483-GCPWE,test
6646-QVXLR,test
2187-LZGPL,test
4818-QIUFN,test
1926-QUZNN,test
0959-WHOKV,test
8739-WWKDU,test
2203-GHNWN,test
0048-LUMLS,test
4686-GEFRM,test
0952-KMEEH,test
3649-JPUGY,test
9388-ZEYVT,test
2400-FEQME,test
6874-SGLHU,test
4706-AXVKM,test
3580-GICBM,test
2434-EEVDB,test
9624-EGDEQ,test
7010-ZMVBF,test
2055-SIFSS,test
4750-ZRXIU,test
6421-SZVEM,test
9701-CDXHR,test
5461-QKNTN,test
1271-UODNO,test
2087-QAREY,test
8628-MFKAX,test
4187-CINZD,test
5468-BPMMO,test
9039-RBEEE,test
6834-NXDCA,test
4670-TABXH,test
9860-LISIZ,test
9767-FFLEM,test
2277-DJJDL,test
0174-QRVVY,test
1172-VIYBP,test
8993-PHFWD,test
1112-CUNAO,test
6651-AZVTJ,test
9286-DOJGF,test
3094-JOJAI,test
2522-AHJXR,test
7982-VCELR,test
8645-KOMJQ,test
9909-DFRJA,test
4806-KEXQR,test
0581-BXBUB,test
9917-KWRBE,test
9167-APMXZ,test
1936-CZAKF,test
4086-WITJG,test
4674-HGNUA,test
4098-NAUKP,test
2729-VNVAP,test
5178-LMXOP,test
7471-WNSUF,test
0390-DCFDQ,test
0471-ARVMX,test
6701-YVNQG,test
3694-GLTJM,test
9907-SWKKF,test
3675-EQOZA,test
1644-IRKSF,test
6630-UJZMY,test
8234-GSZYK,test
6527-PZFPV,test
8741-LQOBK,test
2398-YPMUR,test
2828-SLQPF,test
6175-IRFIT,test
4302-ZYFEL,test
4468-KAZHE,test
0423-UDIJQ,test
8728-SKJLR,test
8161-QYMTT,test
8905-IAZPF,test
0616-ATFGB,test
7235-NXZCP,test
7750-EYXWZ,test
0537-QYZZN,test
4378-MYPGO,test
4208-UFFGW,test
0769-MURVM,test
0106-UGRDO,test
0365-TRTPY,test
6910-HADCM,test
9644-UMGQA,test
5828-AVIPD,test
0298-XACET,test
6032-KRXXO,test
2750-BJLSB,test
2868-LLSKM,test
6979-ZNSFF,test
3313-QKNKB,test
6121-TNHBO,test
7883-ROJOC,test
3717-OEAUQ,test
9372-TXXPS,test
4619-EVPHY,test
9962-BFPDU,test
8245-UMPYT,test
7854-EKTJL,test
5446-DKWYW,test
8158-WPEZG,test
5876-HZVZM,test
1705-GUHPV,test
4654-ULTTN,test
4075-JFPGR,test
3247-ZVOUO,test
3707-LRWZD,test
2070-FNEXE,test
5825-XJOCM,test
6377-WHAOX,test
8699-ASUFO,test
1346-UFHAX,test
3716-BDVDB,test
2325-ZUSFD,test
2696-ECXKC,test
0094-OIFMO,test
6345-FZOQH,test
1194-HVAIF,test
9102-IAYHT,test
6119-SPUDB,test
2839-RFSQE,test
2794-XIMMO,test
1016-DJTSV,test
8947-YRTDV,test
5062-CJJKH,test
8314-HTWVE,test
8204-TIFGJ,test
5543-QDCRY,test
9244-ZVAPM,test
9013-AQORL,test
2761-OCIAX,test
6723-WSNTY,test
0484-FFVBJ,test
5181-OABFK,test
0410-IPFTY,test
0076-LVEPS,test
5626-MGTUK,test
4735-BJKOU,test
5482-PLVPE,test
6248-BSHKG,test
6203-HBZPA,test
7996-BPXHY,test
9620-ENEJV,test
1447-PJGGA,test
1830-IPXVJ,test
0440-QEXBZ,test
1543-LLLFT,test
5505-OVWQW,test
4029-HPFVY,test
6614-YOLAC,test
8547-NSBBO,test
0480-KYJVA,test
7021-XSNYE,test
8779-YIQQA,test
2589-AYCRP,test
3096-WPXBT,test
4227-OJHAL,test
5296-BFCYD,test
6654-QGBZZ,test
0823-HSCDJ,test
4229-CZMLL,test
6704-UTUKK,test
8388-FYNPZ,test
5307-DZCVC,test
4686-UXDML,test
4955-VCWBI,test
3646-ITDGM,test
1777-JYQPJ,test
2025-JKFWI,test
2573-GYRUU,test
5419-CONWX,test
8903-XEBGX,test
0506-LVNGN,test
2239-CFOUJ,test
9381-NDKME,test
9732-KPKBW,test
7112-OPOTK,test
5297-MDOIR,test
4846-WHAFZ,test
7504-UWHNB,test
9788-YTFGE,test
2155-AMQRX,test
2754-XBHTB,test
2480-JZOSN,test
0254-KCJGT,test
2810-FTLEM,test
0923-PNFUB,test
1642-HMARX,test
5376-DEQCP,test
9534-NSXEM,test
2955-BJZHG,test
6993-YGFJV,test
7892-POOKP,test
5127-BZENZ,test
2834-JKOOW,test
5760-WRAHC,test
7971-HLVXI,test
2969-WGHQO,test
5515-RUGKN,test
0883-EIBTI,test
2587-EKXTS,test
4039-PIMHX,test
8690-UPCZI,test
8580-QVLOC,test
1304-BCCFO,test
2428-ZMCTB,test
9063-ZGTUY,test
8650-RHRKE,test
0383-CLDDA,test
8720-RQSBJ,test
6112-KTHFQ,test
3744-ZBHON,test
4678-DVQEO,test
1545-JFUML,test
9274-CNFMO,test
6608-QQLVK,test
6713-OKOMC,test
1852-XEMDW,test
2190-BCXEC,test
5063-IUOKK,test
3750-YHRYO,test
2195-VVRJF,test
2665-NPTGL,test
1264-FUHCX,test
6701-DHKWQ,test
8967-SZQAS,test
0568-ONFPC,test
5266-PFRQK,test
9812-GHVRI,test
5536-RTPWK,test
0455-XFASS,test
5222-JCXZT,test
6080-TCMYC,test
5832-XKAES,test
4892-VLANZ,test
8857-CUPFQ,test
7233-IOQNP,test
1907-YLNYW,test
3794-NFNCH,test
4656-CAURT,test
8559-CIZFV,test
7669-LCRSD,test
8160-HOWOX,test
7356-AYNJP,test
0256-LTHVJ,test
2676-SSLTO,test
9867-JCZSP,test
7340-KEFQE,test
6297-NOOPG,test
3506-OVLKD,test
0135-NMXAP,test
6029-CSMJE,test
6967-QIQRV,test
9814-AOUDH,test
6265-SXWBU,test
4749-VFKVB,test
3567-PQTSO,test
5868-YWPDW,test
0052-YNYOT,test
1431-AIDJQ,test
1386-ZIKUV,test
2842-BCQGE,test
4323-ELYYB,test
5140-FOMCQ,test
5141-ZUVBH,test
0916-QOFDP,test
2924-KHUVI,test
8845-LWKGE,test
0486-HECZI,test
4500-HKANN,test
6890-PFRQX,test
9046-DQMTP,test
0327-WFZSY,test
9283-LZQOH,test
6848-YLDFR,test
0562-FGDCR,test
9220-ZNKJI,test
7056-IMHCC,test
9992-UJOEL,test
9140-CZQZZ,test
2000-MPKCA,test
2038-LLMLM,test
7470-MCQTK,test
0929-PECLO,test
9586-JGQKH,test
6693-DJWTY,test
1329-VHWNP,test
3978-YNKDD,test
6127-ISGTU,test
9844-FELAJ,test
5049-MUBWG,test
3842-QTGDL,test
8089-UZWLX,test
1956-YIFGE,test
1575-KRZZE,test
0531-ZZJWQ,test
6917-FIJHC,test
0913-XWSCN,test
8461-EFQYM,test
9638-JIQYA,test
3850-OKINF,test
5850-BDWCY,test
8125-QPFJD,test
4195-NZGTA,test
0958-YHXGP,test
7404-JLKQG,test
5533-RJFTJ,test
1371-DWPAZ,test
2469-DTSGX,test
2958-NHPPS,test
7301-ABVAD,test
8280-MQRQN,test
8020-BWHYL,test
4818-DRBQT,test
0411-EZJZE,test
1036-GUDCL,test
9986-BONCE,test
7029-RPUAV,test
0853-TWRVK,test
9928-BZVLZ,test
4657-FWVFY,test
9405-GPBBG,test
3420-YJLQT,test
4702-HDRKD,test
2103-ZRXFN,test
4652-NNHNY,test
2230-XTUWL,test
7017-VFULY,test
3705-PSNGL,test
6598-RFFVI,test
7855-DIWPO,test
3487-EARAT,test
8189-HBVRW,test
0388-EOPEX,test
5271-YNWVR,test
2332-TODQS,test
4703-MQYKT,test
5469-NUJUR,test
9610-WCESF,test
0096-FCPUF,test
8041-TMEID,test
9932-WBWIK,test
3877-JRJIP,test
9820-RMCQV,test
9402-ROUMJ,test
0727-BNRLG,test
9408-HRXRK,test
7061-OVMIM,test
4547-LYTDD,test
6519-ZHPXP,test
4919-IKATY,test
8166-ORCHU,test
3511-BFTJW,test
2869-ADAWR,test
6543-CPZMK,test
8219-VYBVI,test
4160-AMJTL,test
5924-SNGKP,test
5542-TBBWB,test
5380-WJKOV,test
9944-AEXBM,test
6844-DZKRF,test
0979-PHULV,test
5382-SOYZL,test
2578-JQPHZ,test
3544-FBCAS,test
5457-COLHT,test
1522-VVDMG,test
9512-UIBFX,test
8869-TORSS,test
2845-HSJCY,test
4226-KKDON,test
1221-GHZEP,test
4360-QRAVE,test
5351-QESIO,test
5331-RGMTT,test
8565-CLBZW,test
7493-TPUWZ,test
4658-HCOHW,test
4983-CLMLV,test
3795-GWTRD,test
1131-SUEKT,test
6284-AHOOQ,test
2599-CZABP,test
8190-ZTQFB,test
7957-RYHQD,test
9087-EYCPR,test
1676-MQAOA,test
9286-BHDQG,test
3612-YUNGG,test
0909-SELIE,test
8311-UEUAB,test
9565-DJPIB,test
6661-HBGWL,test
8757-TFHHJ,test
6284-KMNUF,test
2821-WARNZ,test
5366-IJEQJ,test
1902-XBTFB,test
7005-CCBKV,test
7157-SMCFK,test
7581-EBBOU,test
2254-DLXRI,test
5469-CTCWN,test
8592-PLTMQ,test
7338-ERIVA,test
1820-DJFPH,test
7354-OIJLX,test
3621-CEOVK,test
9804-ICWBG,test
4931-TRZWN,test
9700-ISPUP,test
3588-WSTTJ,test
8510-AWCXC,test
3766-EJLFL,test
4184-VODJZ,test
1395-OFUWC,test
8769-KKTPH,test
3320-VEOYC,test
0921-OHLVP,test
1353-GHZOS,test
2308-STERM,test
4779-ZGICK,test
2616-FLVQC,test
8590-OHDIW,test
9067-SQTNS,test
5136-RGMZO,test
1678-FYZOW,test
6365-HITVU,test
2960-NKRSO,test
7925-PNRGI,test
5863-OOKCL,test
5583-EJXRD,test
4946-EDSEW,test
6993-YCOBK,test
8993-IZEUX,test
2858-EIMXH,test
1963-VAUKV,test
4512-ZUIYL,test
6469-MRVET,test
2432-TFSMK,test
4445-ZJNMU,test
4939-KYYPY,test
1530-ZTDOZ,test
4419-UJMUS,test
8577-QSOCG,test
3967-VQOGC,test
7898-PDWQE,test
7336-RLLRH,test
8015-IHCGW,test
1614-JBEBI,test
9298-WGMRW,test
0402-OAMEN,test
8496-DMZUK,test
1447-GIQMR,test
4299-OPXEJ,test
5226-NOZFC,test
3143-JQEGI,test
8295-FHIVV,test
2446-ZKVAF,test
8805-JNRAZ,test
0979-MOZQI,test
5697-GOMBF,test
4310-KEDTB,test
7529-ZDFXI,test
9375-MHRRS,test
2242-MFOTG,test
9637-CDTKZ,test
8378-LKJAF,test
5566-SOEZD,test
6171-ZTVYB,test
7251-LJBQN,test
1754-GKYPY,test
2135-RXIHG,test
4376-KFVRS,test
8713-IGZSO,test
2737-YNGYW,test
0655-RBDUG,test
1682-VCOIO,test
5740-YHGTW,test
5727-MYATE,test
0376-YMCJC,test
8212-CRQXP,test
1310-QRITU,test
2466-FCCPT,test
4396-KLSEH,test
1194-SPVSP,test
4667-QONEA,test
7995-ZHHNZ,test
7198-GLXTC,test
7410-YTJIK,test
0559-CKHUS,test
7266-GSSJX,test
5609-IMCGG,test
7534-BFESC,test
2798-NYLMZ,test
8584-KMVXD,test
5207-PLSTK,test
8541-QVFKM,test
3893-JRNFS,test
5159-YFPKQ,test
8788-DOXSU,test
4993-JCRGJ,test
4323-SADQS,test
5808-TOTXO,test
5022-JNQEQ,test
5537-UXXVS,test
1989-PRJHP,test
3207-OYBWH,test
3312-ZWLGF,test
6483-OATDN,test
5539-TMZLF,test
1796-JANOW,test
3003-CMDUU,test
3372-KWFBM,test
5854-KSRBJ,test
2019-HDCZY,test
3970-XGJDU,test
8028-PNXHQ,test
4937-QPZPO,test
3865-ZFZIB,test
8884-ADFVN,test
7619-ODSGN,test
3006-XIMLN,test
6692-UDPJC,test
2037-SGXHH,test
3680-CTHUH,test
2187-PKZAY,test
7191-ADRGF,test
2325-NBPZG,test
6374-NTQLP,test
0455-ENTCR,test
7596-IIWYC,test
6898-MDLZW,test
8212-DJRCH,test
4701-MLJPN,test
6223-DHJGV,test
3400-ESFUW,test
6370-ZVHDV,test
2323-ARSVR,test
4283-FUTGF,test
9589-ABEPT,test
2923-ARZLG,test
1376-HHBDV,test
3990-QYKBE,test
9842-EFSYY,test
2091-MJTFX,test
5644-PDMZC,test
4480-QQRHC,test
9576-ANLXO,test
6583-SZVGP,test
0744-GKNGE,test
2486-WYVVE,test
2101-RANCD,test
8191-XWSZG,test
0322-YINQP,test
1448-PWKYE,test
0447-BEMNG,test
0397-ZXWQF,test
0365-GXEZS,test
0608-JDVEC,test
2656-FMOKZ,test
1015-OWJKI,test
3411-WLRSQ,test
7054-ENNGU,test
3787-TRIAL,test
0668-OGMHD,test
4962-CHQPW,test
9867-NNXLC,test
1768-ZAIFU,test
9142-XMYJH,test
8696-JKZNU,test
1444-VVSGW,test
9039-ZVJDC,test
2887-JPYLU,test
5698-BQJOH,test
8722-NGNBH,test
0816-TSPHQ,test
8739-XNIKG,test
2528-HFYZX,test
8775-ERLNB,test
5061-PBXFW,test
9097-ZUBYC,test
3948-FVVRP,test
5696-JVVQY,test
3932-IJWDZ,test
1131-ALZWV,test
1628-BIZYP,test
8034-RYTVV,test
9967-ATRFS,test
0430-IHCDJ,test
9374-YOLBJ,test
0661-KBKPA,test
3768-NLUBH,test
5575-TPIZQ,test
3096-IZETN,test
7503-QQRVF,test
8207-VVMYB,test
6198-PNNSZ,test
1357-BIJKI,test
9114-DPSIA,test
0997-YTLNY,test
8397-MVTAZ,test
7567-ECMCM,test
7629-WIXZF,test
7273-TEFQD,test
9350-VLHMB,test
7649-PHJVR,test
4950-HKQTE,test
2208-NKVVH,test
1063-DHQJF,test
9480-BQJEI,test
0373-AIVNJ,test
3521-HTQTV,test
3209-ZPKFI,test
0013-EXCHZ,test
9445-SZLCH,test
6234-PFPXL,test
6603-YRDCJ,test
5730-DBDSI,test
1624-WOIWJ,test
1047-RNXZV,test
0895-LMRSF,test
5569-IDSEY,test
4522-AKYLR,test
2669-QVCRG,test
1550-LOAHA,test
0181-RITDD,test
1240-KNSEZ,test
8224-KDLKN,test
1218-VKFPE,test
7392-YYPYJ,test
4647-XXZAM,test
8792-AOROI,test
1481-ZUWZA,test
5198-EFNBM,test
9364-YKUVW,test
7159-NOKYQ,test
5949-XIKAE,test
0096-BXERS,test
3976-NLDEZ,test
0178-CIIKR,test
9050-QLROH,test
9643-AVVWI,test
5423-BHIXO,test
9819-FBNSV,test
8098-TDCBU,test
5966-EMAZU,test
2307-FYNNL,test
0134-XWXCE,test
1306-RPWXZ,test
2824-DXNKN,test
4905-JEFDW,test
5402-HTOTQ,test
1696-MZVAU,test
7249-WBIYX,test
1133-KXCGE,test
1217-VASWC,test
2988-PLAHS,test
2866-IKBTM,test
7130-CTCUS,test
0082-OQIQY,test
6933-FHBZC,test
9385-NXKDA,test
7794-JASDG,test
3454-JFUBC,test
2545-EBUPK,test
3865-ZYKAD,test
9588-YRFHY,test
2495-INZWQ,test
4877-TSOFF,test
5325-UWTWJ,test
2664-XJZNO,test
8532-UEFWH,test
1092-GANHU,test
4785-FCIFB,test
5380-AFSSK,test
8819-ZBYNA,test
5975-BAICR,test
6712-OAWRH,test
1349-WXNGG,test
8605-ITULD,test
2040-OBMLJ,test
3426-NIYYL,test
3018-TFTSU,test
7997-EASSD,test
4256-ZWTZI,test
4422-QVIJA,test
0523-VNGTF,test
7603-USHJS,test
7993-PYKOF,test
4049-ZPALD,test
3982-XWFZQ,test
8400-WZICQ,test
2720-FVBQP,test
2408-PSJVE,test
7036-TYDEC,test
5804-JMYIO,test
0336-KXKFK,test
3088-FVYWK,test
2535-PBCGC,test
7250-EQKIY,test
1494-EJZDW,test
2212-LYASK,test
7401-JIXNM,test
5057-RKGLH,test
4815-YOSUK,test
6821-BUXUX,test
8676-TRMJS,test
2911-WDXMV,test
7521-YXVZY,test
1525-LNLOJ,test
3884-UEBXB,test
6164-HAQTX,test
8777-PVYGU,test
9850-OWRHQ,test
5606-AMZBO,test
1236-WFCDV,test
3097-PYWXL,test
7654-YWJUF,test
6313-GIDIT,test
3396-DKDEL,test
4026-SKKHW,test
8763-KIAFH,test
9866-OCCKE,test
3733-UOCWF,test
3125-RAHBV,test
3470-OBUET,test
8241-JUIQO,test
7460-ITWWP,test
4587-VVTOX,test
1264-BYWMS,test
2972-YDYUW,test
3512-IZIKN,test
3594-KADLU,test
1707-HABPF,test
6340-DACFT,test
6332-FBZRI,test
8626-PTQGE,test
9540-JYROE,test
3677-IYRBF,test
6770-XUAGN,test
3679-XASPY,test
4298-OYIFC,test
9741-YLNTD,test
3069-SSVSN,test
8593-WHYHV,test
8361-LBRDI,test
0420-TXVSG,test
1960-UOTYM,test
7641-TQFHN,test
5774-QPLTF,test
4903-CNOZC,test
7879-CGSFV,test
4753-PADAS,test
3324-OIRTO,test
1833-TCXKK,test
3900-AQPHZ,test
9058-CBREO,test
9878-TNQGW,test
3896-RCYYE,test
0567-GGCAC,test
8619-IJNDK,test
6877-LGWXO,test
6734-PSBAW,test
3547-LQRIK,test
4377-VDHYI,test
2778-OCLGR,test
1143-NMNQJ,test
8873-GLDMH,test
6778-JFCMK,test
4342-HENTK,test
3402-XRIUO,test
5329-KRDTM,test
6953-PBDIN,test
1320-HTRDR,test
4690-LLKUA,test
4193-IBKSW,test
8735-DCXNF,test
8481-YYXWG,test
1360-XFJMR,test
9572-WUKSB,test
6383-ZTSIW,test
3162-ZJZFU,test
9747-DDZOS,test
9945-PSVIP,test
2001-MCUUW,test
3758-CKOQL,test
9330-VOFSZ,test
4526-EXKKN,test
9537-VHDTA,test
3910-MRQOY,test
6137-MFAJN,test
3831-YCPUO,test
2165-VOEGB,test
4332-MUOEZ,test
1087-UDSIH,test
5651-YLPRD,test
2511-MORQY,test
9079-YEXQJ,test
0330-IVZHA,test
5384-ZTTWP,test
5136-GFPMB,test
6240-EURKS,test
5968-VXZLG,test
2892-GESUL,test
6061-GWWAV,test
8873-TMKGR,test
1074-AMIOH,test
0727-BMPLR,test
2885-HIJDH,test
8393-DLHGA,test
4717-GHADL,test
9685-WKZGT,test
9030-QGZNL,test
4079-VTGLK,test
5666-MBJPT,test
6173-GOLSU,test
4817-VYYWS,test
0040-HALCW,test
6474-FVJLC,test
2604-IJPDU,test
9450-TRJUU,test
2984-TBYKU,test
3071-MVJCD,test
2188-SXWVT,test
1730-VFMWO,test
6582-OIVSP,test
7369-TRPFD,test
3890-RTCMS,test
5550-VFRLC,test
5921-NGYRH,test
5294-CDGWY,test
1784-BXEFA,test
2077-MPJQO,test
6319-IEJWJ,test
8819-IMISP,test
6814-ZPWFQ,test
1891-QRQSA,test
8680-CGLTP,test
9803-FTJCG,test
3707-GNWHM,test
1731-TVIUK,test
7517-LDMPS,test
7691-XVTZH,test
3338-CVVEH,test
1095-WGNGG,test
0431-APWVY,test
5380-XPJNZ,test
6166-ILMNY,test
0297-RBCSG,test
6402-EJMWF,test
6463-MVYRY,test
8058-DMYRU,test
7824-PANSQ,test
1084-UQCHV,test
6331-LWDTQ,test
8676-OOQEJ,test
7363-QTBIW,test
4816-OKWNX,test
2867-UIMSS,test
4304-TSPVK,test
0637-YLETY,test
3858-XHYJO,test
5020-ZSTTY,test
0531-XBKMM,test
5473-KHBPS,test
1862-QRWPE,test
2788-CJQAQ,test
2754-SDJRD,test
6288-CHQJB,test
8838-GPHZP,test
9931-KGHOA,test
5857-XRECV,test
0963-ZBDRN,test
9209-NWPGU,test
0379-DJQHR,test
5356-KZCKT,test
3761-FLYZI,test
2609-IAICY,test
4317-VTEOA,test
4912-PIGUY,test
6734-FQAJX,test
5306-BVTKJ,test
3325-FUYCG,test
0285-INHLN,test
5600-PDUJF,test
3563-SVYLG,test
5052-PNLOS,test
9256-JTBNZ,test
5650-YLIBA,test
9919-FZDED,test
2429-AYKKO,test
6710-HSJRD,test
6969-MVBAI,test
1470-PSXNM,test
2245-ADZFJ,test
1051-EQPZR,test
9261-WDCAF,test
5365-LLFYV,test
4751-ERMAN,test
8033-ATFAS,test
3523-QRQLL,test
4760-THGOT,test
1452-XRSJV,test
5204-HMGYF,test
3658-KIBGF,test
8646-JCOMS,test
0384-LPITE,test
9221-OTIVJ,test
1597-LHYNC,test
8778-LMWTJ,test
9507-HSMMZ,test
1436-ZMJAN,test
9710-ZUSHQ,test
7868-TMWMZ,test
5146-YYFRZ,test
1952-DVVSW,test
1403-GYAFU,test
2874-YXVVA,test
9530-GRMJG,test
4480-MBMLB,test
2146-EGVDT,test
6322-HRPFA,test
2725-TTRIQ,test
6777-TGHTM,test
2335-GSODA,test
3750-CKVKH,test
7951-QKZPL,test
7787-BNTZM,test
0270-THENM,test
7298-IZWLY,test
6286-SUUWT,test
7096-UCLNH,test
1816-FLZDK,test
0701-TJSEF,test
3623-FQBOX,test
5027-YOCXN,test
3780-DDGSE,test
5949-EBSQK,test
3077-RSNTJ,test
6377-KSLXC,test
0871-URUWO,test
2277-VWCNI,test
9339-FIIJL,test
5336-UFNZP,test
3063-QFSZL,test
2746-DIJLO,test
7649-SIJJF,test
0794-YVSGE,test
9135-HSWOC,test
3239-TPHPZ,test
5614-DNZCE,test
6168-YBYNP,test
6583-KQJLK,test
8821-XNHVZ,test
3508-VLHCZ,test
4759-PXTAN,test
1174-FGIFN,test
5539-HIVAK,test
8443-WVPSS,test
1587-FKLZB,test
3847-BAERP,test
6557-BZXLQ,test
8750-QWZAJ,test
9207-ZPANB,test
8849-GYOKR,test
9115-YQHGA,test
9926-PJHDQ,test
9355-NPPFS,test
4121-AGSIN,test
9254-RBFON,test
3639-XJHKQ,test
9089-UOWJG,test
0015-UOCOJ,test
6292-TOSSS,test
4726-DLWQN,test
7663-CUXZB,test
4277-BWBML,test
6575-SUVOI,test
1150-WFARN,test
3200-MNQTF,test
1370-GGAWX,test
9057-SIHCH,test
9309-BZGNT,test
9190-MFJLN,test
8450-JOVAH,test
2391-SOORI,test
2514-GINMM,test
6338-AVWCY,test
8375-DKEBR,test
8717-VCTXJ,test
6784-XYJAE,test
7032-LMBHI,test
9507-EXLTT,test
2668-TZSPS,test
4821-WQOYN,test
8155-IBNHG,test
7587-RZNME,test
1187-WILMM,test
5343-SGUBI,test
8914-RBTSB,test
8735-NBLWT,test
3349-ANQNH,test
2001-EWBQU,test
2139-FQHLM,test
7520-HQWJU,test
0962-CQPWQ,test
7861-UVUFT,test
9833-TGFHX,test
0258-NOKBL,test
3724-UCSHY,test
3244-DCJWY,test
4541-RMRLG,test
3317-VLGQT,test
3966-HRMZA,test
8622-ZLFKO,test
6559-RAKOZ,test
9289-LBQVU,test
5514-YQENT,test
5619-XZZKR,test
5339-PXDVH,test
7067-KSAZT,test
1699-UOTXU,test
8915-NNTRC,test
2907-ILJBN,test
9637-EIHEQ,test
2252-JHJGE,test
7571-YXDAD,test
1930-QPBVZ,test
9661-MHUMO,test
8985-OOPOS,test
4223-WOZCM,test
7278-CKDNC,test
1257-SXUXQ,test
3339-EAQNV,test
1409-PHXTF,test
4632-PAOYU,test
6825-UYPFK,test
4353-HYOJD,test
3722-WPXTK,test
7375-WMVMT,test
7114-AEOZE,test
3082-YVEKW,test
5996-NRVXR,test
3251-YMVWZ,test
8266-VBFQL,test
5186-EJEGL,test
3982-JGSFD,test
7314-OXENN,test
9481-SFCQY,test
0788-DXBFY,test
2865-TCHJW,test
1751-NCDLI,test
1853-UDXBW,test
1088-AUUZZ,test
0839-JTCUD,test
1567-DSCIC,test
3179-GBRWV,test
8189-XRIKE,test
3902-MIVLE,test
2890-WFBHU,test
7634-HLQJR,test
5073-RZGBK,test
9138-EFSMO,test
8591-TKMZH,test
0235-KGSLC,test
2812-REYAT,test
2582-FFFZR,test
1945-XISKS,test
6270-OMFIW,test
3235-ETOOB,test
3011-WQKSZ,test
4086-ATNFV,test
7311-MQJCH,test
1455-ESIQH,test
3082-VQXNH,test
8430-TWCBX,test
8992-CEUEN,test
5844-QVTAT,test
6311-UEUME,test
2977-CEBSX,test
0983-TATYJ,test
6664-FPDAC,test
5419-KLXBN,test
0840-DFEZH,test
7909-FIOIY,test
1972-XMUWV,test
0970-ETWGE,test
4713-LZDRV,test
4800-CZMPC,test
8709-KRDVL,test
0057-QBUQH,test
2482-CZGBB,test
3594-UVONA,test
5702-KVQRD,test
2034-GDRCN,test
7254-IQWOZ,test
1273-MTETI,test
1335-NTIUC,test
5949-HGVJL,test
3481-JHUZH,test
5301-GAUUY,test
2782-LFZVW,test
1744-JHKYS,test
2800-QQUSO,test
3429-IFLEM,test
6848-HJTXY,test
2525-GVKQU,test
4981-FLTMF,test
9163-GHAYE,test
3908-BLSYF,test
1110-KYLGQ,test
1379-FRVEB,test
1536-HBSWP,test
2700-LUEVA,test
3992-YWPKO,test
4636-QRJKY,test
5803-NQJZO,test
6230-BSUXY,test
9133-AYJZG,test
3301-VKTGC,test
2260-USTRB,test
1980-KXVPM,test
8165-ZJRNM,test
0004-TLHLJ,test
1465-LNTLJ,test
4840-ORQXB,test
8970-ANWXO,test
4415-IJZTP,test
2055-BFOCC,test
4660-IRIBM,test
2684-EIWEO,test
6950-TWMYB,test
8380-PEFPE,test
9787-XVQIU,test
5236-PERKL,test
2625-TRCZQ,test
7599-FKVXZ,test
1568-BEKZM,test
2294-DMMUS,test
3237-AJGEH,test
3756-VNWDH,test
7515-LODFU,test
8949-JTMAY,test
1035-IPQPU,test
3724-BSCVH,test
0778-NELLA,test
8570-KLJYJ,test
5035-BVCXS,test
4137-JOPHL,test
6376-GAHQE,test
0580-PIQHM,test
8806-EAGWC,test
4213-HKBJO,test
0023-UYUPN,test
3022-BEXHZ,test
2017-CCBLH,test
5498-IBWPI,test
1809-DMJHQ,test
8735-SDUFN,test
0665-XHDJU,test
8782-NUUOL,test
4785-QRJHC,test
6682-QJDGB,test
3181-MIZBN,test
6051-PTVNS,test
3655-SNQYZ,test
5442-BHQNG,test
9420-LOJKX,test
6429-SHBCB,test
9755-JHNMN,test
3627-FHKBK,test
4323-OHFOW,test
0709-TVGUR,test
5032-MIYKT,test
2061-VVFST,test
4003-OCTMP,test
3197-ARFOY,test
6473-ULUHT,test
2550-AEVRU,test
2369-FEVNO,test
1697-NVVGY,test
4018-PPNDW,test
8059-UDZFY,test
2233-TXSIU,test
9633-DENPU,test
9565-JSNFM,test
4012-YCFAI,test
4634-JLRJT,test
8644-XLFBW,test
2843-CQMEG,test
7130-VTEWQ,test
7952-OBOYL,test
4237-CLSMM,test
2592-HODOV,test
5671-RQRLP,test
5442-UTCVD,test
1038-RQOST,test
8849-AYPTR,test
7901-TBKJX,test
8401-EMUWF,test
1104-FEJAM,test
6096-EGVTU,test
7516-GMHUV,test
4211-MMAZN,test
3729-OWRVL,test
1855-CFULU,test
0263-FJTQO,test
7181-OQCUT,test
3530-VWVGU,test
4625-LAMOB,test
4973-RLZVI,test
8292-ITGYJ,test
7218-HKQFK,test
9640-ZSLDC,test
0516-OOHAR,test
6729-GDNGC,test
9277-JOOMO,test
6698-OXETB,test
1122-YJBCS,test
3538-WZPHD,test
9107-UKCKY,test
1776-SPBWV,test
8590-YFFQO,test
5373-SFODM,test
3577-AMVUX,test
4735-ASGMA,test
3995-WFCSM,test
1702-CCFNJ,test
9114-AAFQH,test
0432-CAJZV,test
4501-UYKBC,test
2309-OSFEU,test
0841-NULXI,test
2171-UDMFD,test
6023-YEBUP,test
7184-LRUUR,test
3519-ZKXGG,test
1867-BDVFH,test
9465-RWMXL,test
4088-YLDSU,test
4248-QPAVC,test
3466-WAESX,test
3442-ZHHCC,test
2150-OEGBV,test
7295-JOMMD,test
3967-KXAPS,test
5228-EXCET,test
7384-GHBPI,test
0377-JBKKT,test
8129-GMVGI,test
0513-RBGPE,test
6551-ZCOTS,test
5144-TVGLP,test
0023-XUOPT,test
5917-HBSDW,test
0866-QLSIR,test
0581-MDMPW,test
2959-MJHIC,test
4402-FTBXC,test
6823-SIDFQ,test
5590-YRFJT,test
9531-NSBMR,test
0488-GSLFR,test
2612-PHGOX,test
2796-UUZZO,test
0265-PSUAE,test
1709-EJDOX,test
6741-EGCBI,test
5067-XJQFU,test
2995-UPRYS,test
5014-WUQMG,test
5348-CAGXB,test
7717-BICXI,test
5701-GUXDC,test
7964-ZRKKG,test
6137-NICCO,test
5245-VDBUR,test
3780-YVMFA,test
9495-SKLKD,test
1069-XAIEM,test
3594-IVHJZ,test
4706-DGAHW,test
0684-AOSIH,test
3173-NVMPX,test
7124-UGSUR,test
6434-TTGJP,test
9079-LWTFD,test
6746-WAUWT,test
7919-ZODZZ,test
9313-CDOGY,test
9070-BCKQP,test
6164-HXUGH,test
7037-MTYVW,test
9227-LUNBG,test
1658-TJVOA,test
9940-RHLFB,test
0725-CXOTM,test
9574-BOSMD,test
9430-NKQLY,test
6968-URWQU,test
3030-YDNRM,test
4301-VVZKA,test
9052-DHNKM,test
2748-MYRVK,test
2954-PIBKO,test
6397-JNZZG,test
7853-WNZSY,test
7445-WMRBW,test
0121-SNYRK,test
5442-PPTJY,test
6872-HXFNF,test
7503-MIOGA,test
2959-FENLU,test
6242-SGYTS,test
6445-TNRXS,test
2990-IAJSV,test
1090-ESELR,test
6030-REHUX,test
9544-PYPSJ,test
9025-ZRPVR,test
5569-KGJHX,test
7839-QRKXN,test
3365-SAIGS,test
8445-DNBAE,test
7779-LGOVN,test
1958-RNRKS,test
9128-CPXKI,test
7409-KIUTL,test
1097-FSPVW,test
9136-ALYBR,test
7502-BNYGS,test
4817-KEQSP,test
7139-JZFVG,test
6625-FLENO,test
4612-THJBS,test
6047-YHPVI,test
6967-PEJLL,test
0257-KXZGU,test
8727-JQFHV,test
2805-EDJPQ,test
5092-STPKP,test
9897-KXHCM,test
1492-QGCLU,test
8455-HIRAQ,test
7181-BQYBV,test
3345-PBBFH,test
6258-NGCNG,test
3199-XGZCY,test
6681-ZSEXG,test
7606-BPHHN,test
6023-GSSXW,test
6507-ZJSUR,test
8752-STIVR,test
7733-UDMTP,test
7279-BUYWN,test
0886-QGENL,test
6766-HFKLA,test
2522-WLNSF,test
0576-WNXXC,test
0988-JRWWP,test
1936-UAFEH,test
2024-BASKD,test
3223-WZWJM,test
8695-ARGXZ,test
3721-CNEYS,test
3489-VSFRD,test
4524-QCSSM,test
1460-UZPRJ,test
3870-MQAMG,test
2955-PSXOE,test
3540-RZJYU,test
7815-PDTHL,test
5652-MSDEY,test
4873-ILOLJ,test
8272-ONJLV,test
2386-OWURY,test
2930-UOTMB,test
4514-GFCFI,test
6900-RBKER,test
1338-CECEE,test
7531-GQHME,test
1096-ADRUX,test
2041-JIJCI,test
9576-SYUHJ,test
9779-DPNEJ,test
4825-FUREZ,test
5846-QFDFI,test
6388-TABGU,test
3422-LYEPQ,test
8409-WQJUX,test
9103-TCIHJ,test
4003-FUSHP,test
0810-BDHAW,test
3058-HJCUY,test
7279-NMVJC,test
2659-VXMWZ,test
4329-YPDDQ,test
3604-WLABM,test
5482-NUPNA,test
1894-IGFSG,test
1965-DDBWU,test
9308-ANMVE,test
2211-RMNHO,test
7434-SHXLS,test
0743-HRVFF,test
3985-HOYPM,test
7803-XOCCZ,test
6374-AFWOX,test
4526-ZJJTM,test
2498-XLDZR,test
6797-LNAQX,test
3466-RITXD,test
6815-ABQFQ,test
7954-MLBUN,test
6194-HBGQN,test
4945-RVMTE,test
6013-BHCAW,test
3672-YITQD,test
2894-QOJRX,test
4537-CIBHB,test
6000-APYLU,test
2485-ITVKB,test
8785-CJSHH,test
1051-GEJLJ,test
8390-FESFV,test
8601-QACRS,test
8338-QIUNR,test
8620-RJPZN,test
4709-LKHYG,test
2672-OJQZP,test
0486-LGCCH,test
2405-LBMUW,test
7379-POKDZ,test
7134-MJPDY,test
4178-EGMON,test
3768-VHXQO,test
2091-RFFBA,test
2696-RZVZW,test
3571-DPYUH,test
2293-IJWPS,test
2984-RGEYA,test
6508-NJYRO,test
1139-WUOAH,test
3605-JISKB,test
7873-CVMAW,test
0761-AETCS,test
7398-LXGYX,test
5201-USSQZ,test
4584-LBNMK,test
3312-UUMZW,test
8080-DDEMJ,test
0876-WDUUZ,test
2263-SFSQZ,test
6581-NQCBA,test
6773-LQTVT,test
0811-GSDTP,test
6854-EXGSF,test
0164-XAIRP,test
4016-BJKTZ,test
2805-AUFQN,test
5787-KXGIY,test
1767-CJKBA,test
1741-WTPON,test
6892-XPFPU,test
0289-IVARM,test
8143-ETQTI,test
3585-ISXZP,test
3413-CSSTH,test
5103-MHMHY,test
0868-VJRDR,test
2484-DGXPZ,test
9389-ACWBI,test
1729-VLAZJ,test
4154-AQUGT,test
6705-LXORM,test
3331-HQDTW,test
6366-XIVKZ,test
2967-MXRAV,test
0374-AACSZ,test
9069-LGEUL,test
5281-BUZGT,test
6861-XWTWQ,test
5442-BXVND,test
7912-SYRQT,test
5360-LJCNJ,test
2809-ZMYOQ,test
2480-EJWYP,test
1452-KIOVK,test
1866-DIOQZ,test
8496-EJAUI,test
5574-NXZIU,test
7851-FLGGQ,test
4636-TVXVG,test
4223-BKEOR,test
6728-CZFEI,test
9474-PHLYD,test
9508-ILZDG,test
7602-DBTOU,test
1094-BKOSX,test
5223-UZAVK,test
1346-PJWTK,test
2108-YKQTY,test
1385-TQOZW,test
8183-ONMXC,test
6999-CHVCF,test
6838-HVLXG,test
3229-USWAR,test
5453-YBTWV,test
1459-QNFQT,test
4698-KVLLG,test
6900-PXRMS,test
0689-DSXGL,test
4523-WXCEF,test
1910-FMXJM,test
1166-PQLGG,test
0529-ONKER,test
8053-WWDRO,test
3023-GFLBR,test
6769-DYBQN,test
2178-PMGCJ,test
5133-POWUA,test
2770-NSVDG,test
9184-GALIL,test
0022-TCJCI,test
4647-MUZON,test
8345-MVDYC,test
3913-FCUUW,test
4640-UHDOS,test
1942-OQFRW,test
5324-KTGCG,test
2971-SGAFL,test
5832-EXGTT,test
3354-OADJP,test
5155-AZQPB,test
5445-PZWGX,test
2692-PFYTJ,test
7926-IJOOU,test
3524-WQDSG,test
2378-VTKDH,test
7876-DNYAP,test
4648-YPBTM,test
6919-ELBGL,test
1895-QTKDO,test
9972-VAFJJ,test
7492-TAFJD,test
4828-FAZPK,test
2694-CIUMO,test
5546-BYZSM,test
7251-XFOIL,test
5076-YVXCM,test
3932-CMDTD,test
3633-CDBUW,test
4940-KHCWD,test
6227-HWPWX,test
0604-THJFP,test
9824-BEMCV,test
4747-LCAQL,test
9094-AZPHK,test
3891-PUQOD,test
7471-MQPOS,test
5161-XEUVX,test
9214-EKVXR,test
5709-LVOEQ,test
6418-PIQSP,test
4115-NZRKS,test
6968-MHOMU,test
2388-LAESQ,test
2169-RRLFW,test
7579-OOPEC,test
5501-TVMGM,test
4693-VWVBO,test
9746-UGFAC,test
6184-DYUOB,test
4695-VADHF,test
5170-PTRKA,test
4860-YZGZM,test
9378-FXTIZ,test
9248-OJYKK,test
8809-XKHMD,test
5173-ZXXXL,test
6733-LRIZX,test
3292-PBZEJ,test
6992-TKNYO,test
2877-VDUER,test
2919-HBCJO,test
9717-QEBGU,test
9822-WMWVG,test
9629-NHXFW,test
5016-IBERQ,test
2860-RANUS,test
2236-HILPA,test
8930-XOTDP,test
8727-XDPUD,test
4190-MFLUW,test
6349-JDHQP,test
2129-ALKBS,test
8111-SLLHI,test
9473-CBZOP,test
8938-UMKPI,test
7817-BOQPW,test
7838-LAZFO,test
1496-GGSUK,test
6856-RAURS,test
3642-BYHDO,test
0295-PPHDO,test
6827-IEAUQ,test
9674-EHPPG,test
8443-ZRDBZ,test
4813-HQMGZ,test
2279-AXJJK,test
1113-IUJYX,test
4672-FOTSD,test
9927-DSWDF,test
0164-APGRB,test
0475-RIJEP,test
2987-BJXIK,test
9851-KIELU,test
7876-BEUTG,test
7055-HNEOJ,test
6754-LZUKA,test
5327-XOKKY,test
8909-BOLNL,test
0689-NKYLF,test
5820-PTRYM,test
8173-RXAYP,test
8582-KRHPJ,test
5364-XYIRR,test
7239-HZZCX,test
7359-WWYJV,test
5313-FPXWG,test
7246-ZGQDF,test
1976-AZZPJ,test
7928-VJYAB,test
4819-HJPIW,test
2012-NWRPA,test
0337-CNPZE,test
7408-OFWXJ,test
9369-XFEHK,test
3133-PZNSR,test
1205-WNWPJ,test
2311-QYMUQ,test
8606-CIQUL,test
5186-SAMNZ,test
3161-ONRWK,test
5628-FCGYG,test
1085-LDWAM,test
7647-GYYKX,test
6169-PPETC,test
9715-WZCLW,test
2043-WVTQJ,test
2478-EEWWM,test
9592-ERDKV,test
1077-HUUJM,test
2925-VDZHY,test
1265-HVPZB,test
1559-DTODC,test
3930-ZGWVE,test
5025-GOOKI,test
4724-WXVWF,test
8258-GSTJK,test
6543-XRMYR,test
0682-USIXD,test
9412-ARGBX,test
4869-EPIUS,test
9073-ZZIAY,test
2338-BQEZT,test
3569-EDBPQ,test
1066-JKSGK,test
6504-VBLFL,test
5951-AOFIH,test
7593-JNWRU,test
0536-ACXIP,test
3090-QFUVD,test
9906-NHHVC,test
4489-SNOJF,test
7893-IXHRQ,test
1848-LBZHY,test
6257-RJOHI,test
0463-TXOAK,test
4312-KFRXN,test
5357-TZHPP,test
8495-PRWFH,test
4090-KPJIP,test
0461-CVKMU,test
6022-UGGSO,test
9500-LTVBP,test
0048-PIHNL,test
9773-PEQBZ,test
3948-KXDUF,test
5804-HYIEZ,test
9359-UGBTK,test
9795-SHUHB,test
3597-YASZG,test
9752-ZNQUT,test
1116-DXXDF,test
1842-EZJMK,test
7322-OCWHC,test
6064-ZATLR,test
1629-DQQVB,test
9367-TCUYN,test
3055-VTCGS,test
4277-UDIEF,test
3115-CZMZD,test
1600-DILPE,test
7764-BDPEE,test
4530-NDRKU,test
7337-CINUD,test
6726-NNFWD,test
0980-FEXWF,test
9019-QVLZD,test
3926-CUQZX,test
7690-KPNCU,test
7632-YUTXB,test
8181-YHCMF,test
3727-OWVYD,test
0749-IRGQE,test
2088-IEBAU,test
